"name";"cor";"pval";"p.adj";"species";"genus";"type";"is.sig"
"2";"OTU_16";-0.132882870139066;0.56582265278575;1;"s__bromii";"g__Ruminococcus";"control";""
"3";"OTU_56";-0.045519112630609;0.844670588505083;1;"s__prausnitzii";"g__Faecalibacterium";"control";""
"4";"OTU_19";-0.0534982235058428;0.817849197344261;1;"s__plebeius";"g__Bacteroides";"control";""
"6";"OTU_2787";-0.0382861331392828;0.869128494950394;1;"s__copri";"g__Prevotella";"control";""
"11";"OTU_2";-0.255876099241349;0.262911275514884;1;"s__copri";"g__Prevotella";"control";""
"12";"OTU_13";0.0598307056988423;0.796699930593779;1;"s__ovatus";"g__Bacteroides";"control";""
"18";"OTU_44";-0.0357452924114066;0.877748730946351;1;"s__caccae";"g__Bacteroides";"control";""
"25";"OTU_55";-0.241719661423944;0.291138913537122;1;"s__prausnitzii";"g__Faecalibacterium";"control";""
"27";"OTU_14";0.296386419820124;0.192031981027084;1;"s__dispar";"g__Veillonella";"control";""
"30";"OTU_1553";-0.140982084372363;0.542154813791584;1;"s__copri";"g__Prevotella";"control";""
"31";"OTU_60";-0.170856154038231;0.459003116203756;1;"s__copri";"g__Prevotella";"control";""
"35";"OTU_63";-0.00200054605491061;0.99313328979127;1;"s__torques";"g__[Ruminococcus]";"control";""
"42";"OTU_69";0.067951641607792;0.769778868101183;1;"s__aerofaciens";"g__Collinsella";"control";""
"43";"OTU_71";0.205245816699099;0.372115903249943;1;"s__saccharogumia";"g__Clostridium";"control";""
"46";"OTU_648";-0.25149904042408;0.271446650978435;1;"s__callidus";"g__Ruminococcus";"control";""
"47";"OTU_75";-0.115065721997614;0.619425736199506;1;"s__celatum";"g__Clostridium";"control";""
"53";"OTU_83";-0.232276465111596;0.310969045222068;1;"s__eggerthii";"g__Bacteroides";"control";""
"55";"OTU_5278";-0.108540405317071;0.639551927884758;1;"s__hathewayi";"g__Clostridium";"control";""
"56";"OTU_85";-0.0243136875788589;0.916683913274791;1;"s__ovatus";"g__Bacteroides";"control";""
"60";"OTU_90";-0.0213797417531181;0.926709901414963;1;"s__gnavus";"g__[Ruminococcus]";"control";""
"66";"OTU_96";0.0878039518922018;0.705087194955364;1;"s__stercorea";"g__Prevotella";"control";""
"76";"OTU_8";-0.222737177848156;0.331810282083999;1;"s__muciniphila";"g__Akkermansia";"control";""
"77";"OTU_110";-0.0390591514892444;0.866508685720452;1;"s__indistinctus";"g__Alistipes";"control";""
"78";"OTU_111";0.212410794541427;0.355280818765512;1;"s__obeum";"g__Blautia";"control";""
"85";"OTU_3013";-0.355920190689558;0.113302360763444;1;"s__copri";"g__Prevotella";"control";""
"103";"OTU_5";-0.212591287706968;0.354862517892238;1;"s__uniformis";"g__Bacteroides";"control";""
"104";"OTU_9";0.33914001030962;0.132593029394205;1;"s__prausnitzii";"g__Faecalibacterium";"control";""
"111";"OTU_943";-0.00754689924605015;0.974099773518058;1;"s__prausnitzii";"g__Faecalibacterium";"control";""
"114";"OTU_15";-0.172775278401504;0.453896994624207;1;"s__caccae";"g__Bacteroides";"control";""
"120";"OTU_605";-0.206066541707888;0.370164825095635;1;"s__gordonii";"g__Parabacteroides";"control";""
"122";"OTU_18";-0.0921635512174387;0.691122403792409;1;"s__prausnitzii";"g__Faecalibacterium";"control";""
"125";"OTU_1983";0.00230247037804909;0.992096988412973;1;"s__bromii";"g__Ruminococcus";"control";""
"127";"OTU_21";0.68624298627429;0.000592692232118885;0.0246955096716202;"s__gnavus";"g__[Ruminococcus]";"control";"*"
"130";"OTU_150";-0.0280044421052802;0.904089174818137;1;"s__eutactus";"g__Coprococcus";"control";""
"135";"OTU_152";0.0497981451491464;0.830264336377498;1;"s__ruminis";"g__Lactobacillus";"control";""
"138";"OTU_5002";-0.315929065653139;0.162969071867957;1;"s__copri";"g__Prevotella";"control";""
"141";"OTU_34";-0.20016068987916;0.384334489979214;1;"s__coli";"g__Escherichia";"control";""
"142";"OTU_1839";-0.221272608752642;0.335081716289271;1;"s__copri";"g__Prevotella";"control";""
"144";"OTU_6481";-0.170980633226822;0.458671026769496;1;"s__prausnitzii";"g__Faecalibacterium";"control";""
"154";"OTU_133";0.723939081740215;0.000207220593740676;0.0115494185024792;"s__formicigenerans";"g__Dorea";"control";"*"
"157";"OTU_29";0.28623387863496;0.208431496026442;1;"s__parainfluenzae";"g__Haemophilus";"control";""
"158";"OTU_1855";-0.132526785837523;0.566873571613473;1;"s__uniformis";"g__Bacteroides";"control";""
"175";"OTU_8149";-0.220493395376984;0.336830006881719;1;"s__muciniphila";"g__Akkermansia";"control";""
"178";"OTU_332";0.107774151128325;0.641931725607202;1;"s__citroniae";"g__Clostridium";"control";""
"183";"OTU_191";0.0111605687929935;0.961705344584967;1;"s__lividum";"g__Janthinobacterium";"control";""
"184";"OTU_389";0.062343647856935;0.788344196641058;1;"s__faecis";"g__Roseburia";"control";""
"190";"OTU_5404";-0.156142760670311;0.499113166447273;1;"s__caccae";"g__Bacteroides";"control";""
"191";"OTU_1201";0.00852154603738107;0.970756177754562;1;"s__prausnitzii";"g__Faecalibacterium";"control";""
"192";"OTU_2368";0.088435419566005;0.703058674369891;1;"s__ovatus";"g__Bacteroides";"control";""
"194";"OTU_1802";-0.0859858794281526;0.710938275502792;1;"s__ruminantium";"g__Clostridium";"control";""
"195";"OTU_199";-0.220055003670454;0.337815972438035;1;"s__pullicaecorum";"g__Butyricicoccus";"control";""
"197";"OTU_1981";-0.0496919150555789;0.830621367811666;1;"s__prausnitzii";"g__Faecalibacterium";"control";""
"199";"OTU_8163";-0.0141078542433946;0.951602694118795;1;"s__uniformis";"g__Bacteroides";"control";""
"202";"OTU_26";0.077621688615797;0.738054142931828;1;"s__indistinctus";"g__Alistipes";"control";""
"205";"OTU_6495";-0.234956139673191;0.305260691548419;1;"s__ovatus";"g__Bacteroides";"control";""
"207";"OTU_2441";-0.251339752753612;0.271760513596548;1;"s__copri";"g__Prevotella";"control";""
"211";"OTU_3313";-0.072419920168652;0.755072339430863;1;"s__ovatus";"g__Bacteroides";"control";""
"214";"OTU_214";-0.255730793617316;0.263191862018626;1;"s__colinum";"g__Clostridium";"control";""
"217";"OTU_208";0.0721155254787146;0.756071677159572;1;"s__biforme";"g__[Eubacterium]";"control";""
"221";"OTU_221";0.0380904339246797;0.86979194273343;1;"s__reuteri";"g__Lactobacillus";"control";""
"228";"OTU_228";-0.0278307227237454;0.904681520338172;1;"s__indistinctus";"g__Alistipes";"control";""
"241";"OTU_244";0.0831414379486873;0.720123865036796;1;"s__formigenes";"g__Oxalobacter";"control";""
"247";"OTU_448";0.761714288653294;6.02465599088831e-05;0.0115494185024792;"s__pullicaecorum";"g__Butyricicoccus";"control";"*"
"250";"OTU_251";-0.00520546591806603;0.982133834372278;1;"s__catus";"g__Coprococcus";"control";""
"251";"OTU_253";-0.0119925586489471;0.958852828169353;1;"s__veronii";"g__Pseudomonas";"control";""
"253";"OTU_971";-0.115894338184844;0.616888279783134;1;"s__prausnitzii";"g__Faecalibacterium";"control";""
"268";"OTU_269";-0.179906589585011;0.435183625088827;1;"s__perfringens";"g__Clostridium";"control";""
"272";"OTU_270";0.0682174486409796;0.768901827352695;1;"s__anginosus";"g__Streptococcus";"control";""
"275";"OTU_1109";-0.256205686545629;0.262275542543586;1;"s__copri";"g__Prevotella";"control";""
"284";"OTU_6809";-0.109790542361933;0.635676621244322;1;"s__ovatus";"g__Bacteroides";"control";""
"288";"OTU_940";-0.0833779289179941;0.71935872596203;1;"s__bromii";"g__Ruminococcus";"control";""
"298";"OTU_1334";0.0127719836774855;0.956180971084174;1;"s__ovatus";"g__Bacteroides";"control";""
"299";"OTU_8058";-0.195177001338928;0.396524985405969;1;"s__prausnitzii";"g__Faecalibacterium";"control";""
"303";"OTU_1913";-0.161830826567361;0.483407565999237;1;"s__prausnitzii";"g__Faecalibacterium";"control";""
"306";"OTU_3269";-0.221425214544759;0.334739950501204;1;"s__copri";"g__Prevotella";"control";""
"319";"OTU_1401";0.167637288388207;0.467633319401438;1;"s__dispar";"g__Veillonella";"control";""
"320";"OTU_2696";-0.0879254901884885;0.704696616327794;1;"s__prausnitzii";"g__Faecalibacterium";"control";""
"328";"OTU_320";0.167198760093893;0.468815425798628;1;"s__producta";"g__Blautia";"control";""
"331";"OTU_5602";-0.174898171210799;0.448283183300417;1;"s__prausnitzii";"g__Faecalibacterium";"control";""
"334";"OTU_7925";-0.220400688274261;0.337038368097913;1;"s__caccae";"g__Bacteroides";"control";""
"336";"OTU_6289";0.120008058654389;0.604353488215458;1;"s__parvula";"g__Veillonella";"control";""
"338";"OTU_2769";-0.16288443542306;0.480525720071428;1;"s__uniformis";"g__Bacteroides";"control";""
"340";"OTU_5422";0.20368297185605;0.375847340851451;1;"s__massiliensis";"g__Alistipes";"control";""
"341";"OTU_6194";-0.0758183229292854;0.743941166048867;1;"s__massiliensis";"g__Alistipes";"control";""
"349";"OTU_6771";-0.00427840311043092;0.985315327404556;1;"s__ovatus";"g__Bacteroides";"control";""
"357";"OTU_2904";-0.275034766253406;0.227573470821441;1;"s__copri";"g__Prevotella";"control";""
"362";"OTU_347";0.18163770995304;0.430703565769299;1;"s__schaedleri";"g__Mucispirillum";"control";""
"363";"OTU_348";0.744808262748443;0.000107468396934429;0.0115494185024792;"s__lenta";"g__Eggerthella";"control";"*"
"367";"OTU_2785";0.483684632340845;0.0263155627216032;0.756225203004557;"s__dispar";"g__Veillonella";"control";""
"370";"OTU_1996";0.140757142764186;0.542805966969717;1;"s__acidifaciens";"g__Bacteroides";"control";""
"371";"OTU_355";-0.02754546984518;0.905654276513465;1;"s__methylpentosum";"g__Clostridium";"control";""
"372";"OTU_4209";-0.0412207826060443;0.859190007385355;1;"s__massiliensis";"g__Alistipes";"control";""
"385";"OTU_3270";-0.0282062130399773;0.903401241128279;1;"s__massiliensis";"g__Alistipes";"control";""
"391";"OTU_1907";-0.107095740683785;0.64404152602613;1;"s__prausnitzii";"g__Faecalibacterium";"control";""
"396";"OTU_5951";0.170066449509007;0.46111279407548;1;"s__faecis";"g__Roseburia";"control";""
"399";"OTU_2414";0.140613270805987;0.543222630098298;1;"s__faecis";"g__Roseburia";"control";""
"403";"OTU_4926";-0.182285051593604;0.42903461369297;1;"s__obeum";"g__Blautia";"control";""
"405";"OTU_6848";0.21442423712844;0.350630770268001;1;"s__faecis";"g__Roseburia";"control";""
"412";"OTU_1603";0.710752612327564;0.000304794759155458;0.0152397379577729;"s__faecis";"g__Roseburia";"control";"*"
"413";"OTU_3849";-0.184812565563625;0.422551448578035;1;"s__prausnitzii";"g__Faecalibacterium";"control";""
"414";"OTU_3111";-0.147091022245516;0.524609088770707;1;"s__massiliensis";"g__Alistipes";"control";""
"416";"OTU_6703";-0.0531179772401913;0.819123183561158;1;"s__bromii";"g__Ruminococcus";"control";""
"423";"OTU_4036";0.00167336342039792;0.994256297780547;1;"s__massiliensis";"g__Alistipes";"control";""
"431";"OTU_852";-0.0775503034038202;0.738286911785623;1;"s__copri";"g__Prevotella";"control";""
"434";"OTU_1619";-0.134776993522286;0.560246986128331;1;"s__bromii";"g__Ruminococcus";"control";""
"439";"OTU_3246";-0.162303335335336;0.482114088868152;1;"s__prausnitzii";"g__Faecalibacterium";"control";""
"440";"OTU_4563";-0.175544371623484;0.44658158296655;1;"s__prausnitzii";"g__Faecalibacterium";"control";""
"441";"OTU_5502";-0.100955816873867;0.663254450062545;1;"s__prausnitzii";"g__Faecalibacterium";"control";""
"444";"OTU_851";-0.0923495651412419;0.690528663293543;1;"s__prausnitzii";"g__Faecalibacterium";"control";""
"449";"OTU_433";0.521848794592303;0.0152484214392821;0.476513169977565;"s__mucilaginosa";"g__Rothia";"control";""
"451";"OTU_4433";-0.0675103637516614;0.771235478737795;1;"s__prausnitzii";"g__Faecalibacterium";"control";""
"456";"OTU_8052";0.0129852912466856;0.955449833646887;1;"s__aerofaciens";"g__Collinsella";"control";""
"459";"OTU_3405";-0.0967307911508624;0.676595389236021;1;"s__ovatus";"g__Bacteroides";"control";""
"460";"OTU_4848";-0.231901270363041;0.311773427160749;1;"s__indistinctus";"g__Alistipes";"control";""
"464";"OTU_3884";NA;NA;NA;"s__prausnitzii";"g__Faecalibacterium";"control";""
"469";"OTU_653";0.10052728921854;0.664603189136113;1;"s__ovatus";"g__Bacteroides";"control";""
"471";"OTU_1146";-0.0761979806322022;0.742700631893027;1;"s__uniformis";"g__Bacteroides";"control";""
"474";"OTU_458";0.184830435977077;0.422505798906514;1;"s__gnavus";"g__[Ruminococcus]";"control";""
"477";"OTU_703";0.114784571505051;0.620287647306353;1;"s__dispar";"g__Veillonella";"control";""
"479";"OTU_2301";-0.157432651918065;0.495529909830746;1;"s__muciniphila";"g__Akkermansia";"control";""
"482";"OTU_4671";0.120406563305598;0.603144817961919;1;"s__ovatus";"g__Bacteroides";"control";""
"488";"OTU_4260";0.743869433947045;0.000110835177147717;0.0115494185024792;"s__adolescentis";"g__Bifidobacterium";"control";"*"
"495";"OTU_3407";0.0281633732878003;0.903547296794011;1;"s__fragilis";"g__Bacteroides";"control";""
"498";"OTU_4637";0.163904945581191;0.477742627660191;1;"s__adolescentis";"g__Bifidobacterium";"control";""
"501";"OTU_1719";-0.224944667597572;0.326915346190057;1;"s__copri";"g__Prevotella";"control";""
"502";"OTU_4017";0.00963059701044871;0.966952076051641;1;"s__massiliensis";"g__Alistipes";"control";""
"506";"OTU_2865";-0.152303620763008;0.509852403210336;1;"s__uniformis";"g__Bacteroides";"control";""
"508";"OTU_1104";-0.184533622374955;0.423264348200277;1;"s__pullicaecorum";"g__Butyricicoccus";"control";""
"518";"OTU_2159";-0.174748826504982;0.448676924146059;1;"s__copri";"g__Prevotella";"control";""
"519";"OTU_3522";-0.0314384131036293;0.892390524723886;1;"s__indistinctus";"g__Alistipes";"control";""
"526";"OTU_7328";0.250896044892507;0.272636004347494;1;"s__pseudolongum";"g__Bifidobacterium";"control";""
"530";"OTU_8028";-0.151259753220214;0.512791485050918;1;"s__ovatus";"g__Bacteroides";"control";""
"536";"OTU_3236";-0.216763863589175;0.345272169257075;1;"s__ovatus";"g__Bacteroides";"control";""
"537";"OTU_6073";-0.252209031703456;0.270050448601651;1;"s__copri";"g__Prevotella";"control";""
"539";"OTU_4677";-0.0142445200350127;0.951134395398334;1;"s__ovatus";"g__Bacteroides";"control";""
"541";"OTU_529";NA;NA;NA;"s__gnavus";"g__[Ruminococcus]";"control";""
"559";"OTU_2936";-0.130957349036311;0.571515690049291;1;"s__caccae";"g__Bacteroides";"control";""
"560";"OTU_2420";-0.102107257764926;0.659635401064679;1;"s__prausnitzii";"g__Faecalibacterium";"control";""
"561";"OTU_5850";-0.302347689404371;0.182820275901289;1;"s__copri";"g__Prevotella";"control";""
"562";"OTU_1956";-0.156721240470754;0.497504615202301;1;"s__caccae";"g__Bacteroides";"control";""
"565";"OTU_4627";-0.285634007166555;0.209428732736028;1;"s__uniformis";"g__Bacteroides";"control";""
"567";"OTU_2924";0.0128504275508668;0.95591209127359;1;"s__bromii";"g__Ruminococcus";"control";""
"568";"OTU_1155";0.69470509912461;0.000474493080878435;0.021709134596537;"s__hathewayi";"g__Clostridium";"control";"*"
"570";"OTU_7035";0.0233524260252971;0.919967503527061;1;"s__ovatus";"g__Bacteroides";"control";""
"572";"OTU_2135";-0.0044090645915055;0.984866909432953;1;"s__distasonis";"g__Parabacteroides";"control";""
"575";"OTU_4068";0.167622634422828;0.467672796428942;1;"s__ovatus";"g__Bacteroides";"control";""
"579";"OTU_8059";0.016251321956221;0.944259754890111;1;"s__acidifaciens";"g__Bacteroides";"control";""
"589";"OTU_7492";0.0850057457819243;0.714099154391789;1;"s__ovatus";"g__Bacteroides";"control";""
"592";"OTU_6988";0.649019681291578;0.00145662049873607;0.0582648199494429;"s__faecis";"g__Roseburia";"control";""
"593";"OTU_999";0.73277303170155;0.000158078066002432;0.0115494185024792;"s__prausnitzii";"g__Faecalibacterium";"control";"*"
"595";"OTU_585";-0.191345417893822;0.406041180750195;1;"s__moorei";"g__Bulleidia";"control";""
"602";"OTU_1431";-0.0660635942236757;0.776016284020921;1;"s__prausnitzii";"g__Faecalibacterium";"control";""
"603";"OTU_597";-0.233444495209204;0.308472959434915;1;"s__caccae";"g__Bacteroides";"control";""
"610";"OTU_6996";-0.134338624840663;0.561535219234447;1;"s__ruminantium";"g__Clostridium";"control";""
"614";"OTU_6228";0.142377101157963;0.538124578968148;1;"s__caccae";"g__Bacteroides";"control";""
"618";"OTU_1165";-0.102084083260753;0.659708168173144;1;"s__prausnitzii";"g__Faecalibacterium";"control";""
"621";"OTU_2337";-0.074767402722712;0.747378231401423;1;"s__prausnitzii";"g__Faecalibacterium";"control";""
"624";"OTU_7236";-0.0969891013720831;0.675777018570042;1;"s__acidifaciens";"g__Bacteroides";"control";""
"626";"OTU_5389";-0.263900067301826;0.247711200818965;1;"s__copri";"g__Prevotella";"control";""
"633";"OTU_2753";-0.0170714152773086;0.941451456497834;1;"s__prausnitzii";"g__Faecalibacterium";"control";""
"650";"OTU_7373";0.542808892787201;0.0110030657818316;0.37941606144247;"s__faecis";"g__Roseburia";"control";""
"652";"OTU_8145";-0.0199947044605301;0.931446709754289;1;"s__faecis";"g__Roseburia";"control";""
"655";"OTU_7811";0.223059944961182;0.331091870029803;1;"s__dispar";"g__Veillonella";"control";""
"657";"OTU_7415";0.0791902092615143;0.732945199323941;1;"s__faecis";"g__Roseburia";"control";""
"660";"OTU_5393";-0.263549930772663;0.248362424054303;1;"s__copri";"g__Prevotella";"control";""
"664";"OTU_2056";-0.263567231926292;0.248330219622079;1;"s__caccae";"g__Bacteroides";"control";""
"667";"OTU_3894";-0.177377590931925;0.441772708033856;1;"s__prausnitzii";"g__Faecalibacterium";"control";""
"668";"OTU_698";-0.0666201430006673;0.77417625289131;1;"s__methylpentosum";"g__Clostridium";"control";""
"673";"OTU_4708";0.0233764658408881;0.919885369996778;1;"s__faecis";"g__Roseburia";"control";""
"674";"OTU_6182";0.0485209736475875;0.834558928385702;1;"s__ovatus";"g__Bacteroides";"control";""
"676";"OTU_2458";0.00661025042452982;0.977313409192582;1;"s__prausnitzii";"g__Faecalibacterium";"control";""
"678";"OTU_7262";-0.0188340650677152;0.935417805217476;1;"s__massiliensis";"g__Alistipes";"control";""
"688";"OTU_7291";-0.0725841624599224;0.754533282862729;1;"s__uniformis";"g__Bacteroides";"control";""
"690";"OTU_745";0.00523580367817444;0.982029725440678;1;"s__methylpentosum";"g__Clostridium";"control";""
"692";"OTU_3723";0.0163305793688437;0.943988320330382;1;"s__acidifaciens";"g__Bacteroides";"control";""
"698";"OTU_2672";0.198854515386837;0.387508935823298;1;"s__ovatus";"g__Bacteroides";"control";""
"704";"OTU_1903";-0.0785401627432273;0.735061208767622;1;"s__callidus";"g__Ruminococcus";"control";""
"707";"OTU_1599";0.00912298400986086;0.968693133738346;1;"s__massiliensis";"g__Alistipes";"control";""
"708";"OTU_2570";-0.116539619835137;0.61491514993337;1;"s__prausnitzii";"g__Faecalibacterium";"control";""
"715";"OTU_4176";0.409740250097368;0.0650895639119609;1;"s__adolescentis";"g__Bifidobacterium";"control";""
"716";"OTU_1857";-0.105368448341818;0.649425138007741;1;"s__uniformis";"g__Bacteroides";"control";""
"717";"OTU_2180";-0.25966572510702;0.255660446875005;1;"s__callidus";"g__Ruminococcus";"control";""
"719";"OTU_4833";-0.112891041282802;0.6261050000837;1;"s__acidifaciens";"g__Bacteroides";"control";""
"720";"OTU_5924";-0.0686391959682315;0.767510813167943;1;"s__prausnitzii";"g__Faecalibacterium";"control";""
"721";"OTU_3404";-0.191661958781704;0.405250303501239;1;"s__prausnitzii";"g__Faecalibacterium";"control";""
"723";"OTU_2290";-0.299548875432116;0.187106943569767;1;"s__guilliermondii";"g__Oscillospira";"control";""
"725";"OTU_1836";-0.0496060567328911;0.830909954715433;1;"s__prausnitzii";"g__Faecalibacterium";"control";""
"728";"OTU_4289";-0.0759243806330544;0.74359456018023;1;"s__uniformis";"g__Bacteroides";"control";""
"733";"OTU_1095";-0.0662529649712739;0.775390066659115;1;"s__bromii";"g__Ruminococcus";"control";""
"737";"OTU_7949";-0.0870829562995525;0.707405670591301;1;"s__bromii";"g__Ruminococcus";"control";""
"739";"OTU_7073";-0.0773727871585243;0.738865842207477;1;"s__parvula";"g__Veillonella";"control";""
"741";"OTU_4739";0.169556142609843;0.46247870960937;1;"s__acidifaciens";"g__Bacteroides";"control";""
"744";"OTU_867";0.011485507887838;0.960591220143079;1;"s__distasonis";"g__Parabacteroides";"control";""
"749";"OTU_2012";0.0205886633792666;0.929415096244742;1;"s__ovatus";"g__Bacteroides";"control";""
"750";"OTU_6622";-0.264489567751332;0.246617263461878;1;"s__uniformis";"g__Bacteroides";"control";""
"751";"OTU_1475";-0.158090288250016;0.49370789677979;1;"s__prausnitzii";"g__Faecalibacterium";"control";""
"752";"OTU_3096";-0.11984012117345;0.604863143859134;1;"s__massiliensis";"g__Alistipes";"control";""
"756";"OTU_6837";0.0941450964438017;0.684806516649632;1;"s__acidifaciens";"g__Bacteroides";"control";""
"757";"OTU_3139";-0.0240009543704287;0.917752043387805;1;"s__prausnitzii";"g__Faecalibacterium";"control";""
"758";"OTU_4955";-0.10484912005633;0.651047085702421;1;"s__ovatus";"g__Bacteroides";"control";""
"762";"OTU_6302";-0.0229095285383974;0.921480829926849;1;"s__uniformis";"g__Bacteroides";"control";""
"770";"OTU_4082";-0.141010179235032;0.542073510901771;1;"s__massiliensis";"g__Alistipes";"control";""
"771";"OTU_1496";-0.132636436649776;0.566549865387543;1;"s__ovatus";"g__Bacteroides";"control";""
"774";"OTU_2213";-0.0964375954002896;0.677524708422787;1;"s__massiliensis";"g__Alistipes";"control";""
"777";"OTU_1575";-0.0570966847763948;0.805815116942662;1;"s__prausnitzii";"g__Faecalibacterium";"control";""
"779";"OTU_3978";-0.20485712882997;0.373041954919837;1;"s__prausnitzii";"g__Faecalibacterium";"control";""
"780";"OTU_3605";0.426652278967494;0.0537553280288567;1;"s__prausnitzii";"g__Faecalibacterium";"control";""
"784";"OTU_3609";-0.0157323024365631;0.946037397782344;1;"s__faecis";"g__Roseburia";"control";""
"786";"OTU_6801";-0.121074399017934;0.6011215062711;1;"s__prausnitzii";"g__Faecalibacterium";"control";""
"790";"OTU_4264";-0.0336364119324072;0.884913636634;1;"s__prausnitzii";"g__Faecalibacterium";"control";""
"793";"OTU_2968";-0.062119421801752;0.789088872161107;1;"s__prausnitzii";"g__Faecalibacterium";"control";""
"797";"OTU_1788";-0.188526254534868;0.413122096278544;1;"s__prausnitzii";"g__Faecalibacterium";"control";""
"801";"OTU_3289";-0.11984212733942;0.604857054514241;1;"s__uniformis";"g__Bacteroides";"control";""
"802";"OTU_5894";-0.134968699617439;0.559684033613125;1;"s__faecis";"g__Roseburia";"control";""
"806";"OTU_7803";0.579393941682572;0.00591333403818162;0.215134124118594;"s__prausnitzii";"g__Faecalibacterium";"control";""
"807";"OTU_4911";0.397279949847683;0.0745345509436608;1;"s__dispar";"g__Veillonella";"control";""
"809";"OTU_4946";0.275715894569643;0.226377505338925;1;"s__adolescentis";"g__Bifidobacterium";"control";""
"811";"OTU_7627";-0.146929791900681;0.525068705830471;1;"s__prausnitzii";"g__Faecalibacterium";"control";""
"813";"OTU_4120";-0.0210312085669513;0.927901661539633;1;"s__bromii";"g__Ruminococcus";"control";""
"815";"OTU_6322";0.315846647578493;0.163084834948469;1;"s__faecis";"g__Roseburia";"control";""
"819";"OTU_2132";0.0437116879084032;0.850770295119833;1;"s__indistinctus";"g__Alistipes";"control";""
"821";"OTU_1657";-0.106730301004774;0.645179107245797;1;"s__uniformis";"g__Bacteroides";"control";""
"825";"OTU_1641";-0.25168092139275;0.271088549140042;1;"s__copri";"g__Prevotella";"control";""
"826";"OTU_3589";-0.194920826898619;0.397157338781898;1;"s__uniformis";"g__Bacteroides";"control";""
"830";"OTU_5346";0.130036586971215;0.574246846537797;1;"s__dispar";"g__Veillonella";"control";""
"836";"OTU_2302";0.14840216070895;0.520878488338432;1;"s__faecis";"g__Roseburia";"control";""
"837";"OTU_5459";-0.0470801650770069;0.839409203909671;1;"s__bromii";"g__Ruminococcus";"control";""
"838";"OTU_7624";-0.172752380848626;0.453957743021902;1;"s__prausnitzii";"g__Faecalibacterium";"control";""
"843";"OTU_4205";-0.0979484915548792;0.672740593454427;1;"s__massiliensis";"g__Alistipes";"control";""
"844";"OTU_6340";-0.048732987773243;0.833845696629732;1;"s__ovatus";"g__Bacteroides";"control";""
"845";"OTU_4552";-0.0184472576059885;0.93674158871463;1;"s__prausnitzii";"g__Faecalibacterium";"control";""
"858";"OTU_8175";-0.148937016597727;0.519360268667558;1;"s__prausnitzii";"g__Faecalibacterium";"control";""
"860";"OTU_5909";-0.211920516988795;0.35641849999512;1;"s__prausnitzii";"g__Faecalibacterium";"control";""
"862";"OTU_3648";-0.215913404321643;0.347214456783099;1;"s__prausnitzii";"g__Faecalibacterium";"control";""
"865";"OTU_2329";-0.156872466245827;0.497084527371522;1;"s__uniformis";"g__Bacteroides";"control";""
"866";"OTU_7937";0.141227354338461;0.541445222869319;1;"s__parvula";"g__Veillonella";"control";""
"868";"OTU_3223";-0.0785401627432273;0.735061208767622;1;"s__uniformis";"g__Bacteroides";"control";""
"869";"OTU_2044";0.399751504121578;0.0725839959575669;1;"s__ovatus";"g__Bacteroides";"control";""
"879";"OTU_2560";-0.0510507412628659;0.826056899337654;1;"s__indistinctus";"g__Alistipes";"control";""
"905";"OTU_2209";-0.0841746517176892;0.716782926069219;1;"s__massiliensis";"g__Alistipes";"control";""
"910";"OTU_5917";-0.1110492649414;0.631783936627865;1;"s__massiliensis";"g__Alistipes";"control";""
"913";"OTU_4786";0.0776701843281426;0.737896023442916;1;"s__fragilis";"g__Bacteroides";"control";""
"917";"OTU_5102";-0.10873895625338;0.638935831582463;1;"s__massiliensis";"g__Alistipes";"control";""
"925";"OTU_6949";-0.14034251439798;0.544007155772578;1;"s__prausnitzii";"g__Faecalibacterium";"control";""
"927";"OTU_4440";-0.0484037409362263;0.834953361922993;1;"s__prausnitzii";"g__Faecalibacterium";"control";""
"931";"OTU_2875";-0.0395735060962562;0.864766249053213;1;"s__bromii";"g__Ruminococcus";"control";""
"940";"OTU_3346";-0.0931559690911586;0.687956717078965;1;"s__bromii";"g__Ruminococcus";"control";""
"948";"OTU_7182";-0.0181752492602017;0.937672587943206;1;"s__fragilis";"g__Bacteroides";"control";""
"955";"OTU_5580";-0.0550151909548186;0.812771139586965;1;"s__bromii";"g__Ruminococcus";"control";""
"960";"OTU_3455";-0.245179468732488;0.28407381379712;1;"s__prausnitzii";"g__Faecalibacterium";"control";""
"965";"OTU_1668";-0.163530691830144;0.478762335388369;1;"s__uniformis";"g__Bacteroides";"control";""
"968";"OTU_5849";-0.156872466245827;0.497084527371522;1;"s__ovatus";"g__Bacteroides";"control";""
"971";"OTU_1888";-0.212210640674604;0.35574501814919;1;"s__massiliensis";"g__Alistipes";"control";""
"972";"OTU_2929";0.372397264156727;0.0964203015050689;1;"s__dispar";"g__Veillonella";"control";""
"982";"OTU_2066";-0.229802852502251;0.316295427730933;1;"s__bromii";"g__Ruminococcus";"control";""
"989";"OTU_2375";0.0260524665647122;0.910747738157332;1;"s__acidifaciens";"g__Bacteroides";"control";""
"992";"OTU_3939";-0.274399758995732;0.228692171954321;1;"s__copri";"g__Prevotella";"control";""
"994";"OTU_3039";0.0831414379486873;0.720123865036796;1;"s__ovatus";"g__Bacteroides";"control";""
"21";"OTU_16";0.821315607575652;9.58504163108831e-05;0.00958504163108831;"s__bromii";"g__Ruminococcus";"AIH";"**"
"32";"OTU_56";0.77018604172259;0.00048214443881589;0.0267858021564383;"s__prausnitzii";"g__Faecalibacterium";"AIH";"*"
"41";"OTU_19";-0.174563940916397;0.517884944863846;1;"s__plebeius";"g__Bacteroides";"AIH";""
"61";"OTU_2787";0.132702169528787;0.624185573318681;1;"s__copri";"g__Prevotella";"AIH";""
"112";"OTU_2";-0.153380818649335;0.570626470768129;1;"s__copri";"g__Prevotella";"AIH";""
"121";"OTU_13";0.169510656468482;0.530259750404418;1;"s__ovatus";"g__Bacteroides";"AIH";""
"181";"OTU_44";0.348858358831531;0.185401508013028;1;"s__caccae";"g__Bacteroides";"AIH";""
"252";"OTU_55";-0.0472114558777375;0.862162016198587;1;"s__prausnitzii";"g__Faecalibacterium";"AIH";""
"271";"OTU_14";0.181455142364126;0.501226415316609;1;"s__dispar";"g__Veillonella";"AIH";""
"301";"OTU_1553";0.154557263410313;0.567638962186284;1;"s__copri";"g__Prevotella";"AIH";""
"311";"OTU_60";0.0962397285777581;0.72292187570361;1;"s__copri";"g__Prevotella";"AIH";""
"351";"OTU_63";-0.0451164320068551;0.868227763529271;1;"s__torques";"g__[Ruminococcus]";"AIH";""
"421";"OTU_69";0.0826324147519965;0.760946389624742;1;"s__aerofaciens";"g__Collinsella";"AIH";""
"432";"OTU_71";-0.0829671018923012;0.760004568900826;1;"s__saccharogumia";"g__Clostridium";"AIH";""
"461";"OTU_648";0.670527606233967;0.00447214929975059;0.124226369437516;"s__callidus";"g__Ruminococcus";"AIH";""
"472";"OTU_75";0.0127986742439211;0.962478681380581;1;"s__celatum";"g__Clostridium";"AIH";""
"531";"OTU_83";0.102306325802342;0.70615756467922;1;"s__eggerthii";"g__Bacteroides";"AIH";""
"551";"OTU_5278";-0.0179434710314705;0.947412536875805;1;"s__hathewayi";"g__Clostridium";"AIH";""
"563";"OTU_85";-0.0186420530984581;0.945367973383772;1;"s__ovatus";"g__Bacteroides";"AIH";""
"601";"OTU_90";-0.0480499445531421;0.859736333163487;1;"s__gnavus";"g__[Ruminococcus]";"AIH";""
"661";"OTU_96";0.0521595027293337;0.847865069118037;1;"s__stercorea";"g__Prevotella";"AIH";""
"761";"OTU_8";-0.154258534712984;0.568396934859356;1;"s__muciniphila";"g__Akkermansia";"AIH";""
"772";"OTU_110";-0.255026628277222;0.340463858958872;1;"s__indistinctus";"g__Alistipes";"AIH";""
"781";"OTU_111";-0.00670951471061853;0.980325333291792;1;"s__obeum";"g__Blautia";"AIH";""
"851";"OTU_3013";-0.215638932683213;0.422500342778039;1;"s__copri";"g__Prevotella";"AIH";""
"1031";"OTU_5";0.0847577279338104;0.754971084076165;1;"s__uniformis";"g__Bacteroides";"AIH";""
"1041";"OTU_9";0.128050940350175;0.636492381976207;1;"s__prausnitzii";"g__Faecalibacterium";"AIH";""
"1111";"OTU_943";0.0469146397742511;0.86302096014357;1;"s__prausnitzii";"g__Faecalibacterium";"AIH";""
"1141";"OTU_15";-0.033728905892405;0.901310704026284;1;"s__caccae";"g__Bacteroides";"AIH";""
"1201";"OTU_605";-0.131677344007068;0.6268893391636;1;"s__gordonii";"g__Parabacteroides";"AIH";""
"1221";"OTU_18";-0.115951957738293;0.668918886699218;1;"s__prausnitzii";"g__Faecalibacterium";"AIH";""
"1251";"OTU_1983";-0.25230176763995;0.345825430756511;1;"s__bromii";"g__Ruminococcus";"AIH";""
"1271";"OTU_21";-0.176462051254506;0.513271304102622;1;"s__gnavus";"g__[Ruminococcus]";"AIH";""
"1301";"OTU_150";-0.202847257823276;0.451175268240105;1;"s__eutactus";"g__Coprococcus";"AIH";""
"1351";"OTU_152";0.366048392815867;0.163201981578364;1;"s__ruminis";"g__Lactobacillus";"AIH";""
"1381";"OTU_5002";-0.220417740201781;0.412037185539752;1;"s__copri";"g__Prevotella";"AIH";""
"1411";"OTU_34";-0.111493586977077;0.681011158474774;1;"s__coli";"g__Escherichia";"AIH";""
"1421";"OTU_1839";-0.239471119356148;0.371706467049263;1;"s__copri";"g__Prevotella";"AIH";""
"1441";"OTU_6481";0.0543146329747807;0.841651627772815;1;"s__prausnitzii";"g__Faecalibacterium";"AIH";""
"1541";"OTU_133";-0.0138738065847151;0.959329094735909;1;"s__formicigenerans";"g__Dorea";"AIH";""
"1571";"OTU_29";0.151317314798753;0.575882606009511;1;"s__parainfluenzae";"g__Haemophilus";"AIH";""
"1581";"OTU_1855";-0.000558536482631425;0.998362027333163;1;"s__uniformis";"g__Bacteroides";"AIH";""
"1751";"OTU_8149";-0.172053988652716;0.524014847351619;1;"s__muciniphila";"g__Akkermansia";"AIH";""
"1781";"OTU_332";-0.0370350660357743;0.891687653835501;1;"s__citroniae";"g__Clostridium";"AIH";""
"1831";"OTU_191";0.753345395523245;0.000753292690432783;0.0376646345216392;"s__lividum";"g__Janthinobacterium";"AIH";"*"
"1841";"OTU_389";0.418201524966729;0.1069601237943;1;"s__faecis";"g__Roseburia";"AIH";""
"1901";"OTU_5404";0.135535844134901;0.616733023008241;1;"s__caccae";"g__Bacteroides";"AIH";""
"1911";"OTU_1201";-0.239531220305523;0.371582812626195;1;"s__prausnitzii";"g__Faecalibacterium";"AIH";""
"1921";"OTU_2368";0.039694633676446;0.883956812743542;1;"s__ovatus";"g__Bacteroides";"AIH";""
"1941";"OTU_1802";-0.0215032769954992;0.93699739742153;1;"s__ruminantium";"g__Clostridium";"AIH";""
"1951";"OTU_199";0.262773903909328;0.325480528916068;1;"s__pullicaecorum";"g__Butyricicoccus";"AIH";""
"1971";"OTU_1981";-0.0848162391420753;0.754806762586713;1;"s__prausnitzii";"g__Faecalibacterium";"AIH";""
"1991";"OTU_8163";0.350482201589022;0.183223962090559;1;"s__uniformis";"g__Bacteroides";"AIH";""
"2021";"OTU_26";-0.141781233016501;0.600431766598408;1;"s__indistinctus";"g__Alistipes";"AIH";""
"2051";"OTU_6495";-0.0499345864024452;0.854288529315278;1;"s__ovatus";"g__Bacteroides";"AIH";""
"2071";"OTU_2441";-0.202849899127308;0.451169248406666;1;"s__copri";"g__Prevotella";"AIH";""
"2111";"OTU_3313";-0.055184567004771;0.83914598605897;1;"s__ovatus";"g__Bacteroides";"AIH";""
"2141";"OTU_214";0.263698329963965;0.323718533902912;1;"s__colinum";"g__Clostridium";"AIH";""
"2171";"OTU_208";-0.229720877740863;0.392065408386074;1;"s__biforme";"g__[Eubacterium]";"AIH";""
"2211";"OTU_221";0.0538743083010409;0.842920424801167;1;"s__reuteri";"g__Lactobacillus";"AIH";""
"2281";"OTU_228";0.736270529002689;0.00114496929980135;0.0440372807615902;"s__indistinctus";"g__Alistipes";"AIH";"*"
"2411";"OTU_244";-0.264009176823091;0.323127289011616;1;"s__formigenes";"g__Oxalobacter";"AIH";""
"2471";"OTU_448";0.0492086733861931;0.856386158393981;1;"s__pullicaecorum";"g__Butyricicoccus";"AIH";""
"2501";"OTU_251";-0.0228056541499799;0.93318926097421;1;"s__catus";"g__Coprococcus";"AIH";""
"2511";"OTU_253";-0.141095256633735;0.602213768685903;1;"s__veronii";"g__Pseudomonas";"AIH";""
"2531";"OTU_971";0.210995017100932;0.432799019872447;1;"s__prausnitzii";"g__Faecalibacterium";"AIH";""
"2681";"OTU_269";-0.138706838200978;0.608434740126525;1;"s__perfringens";"g__Clostridium";"AIH";""
"2721";"OTU_270";-0.0176701801228925;0.948212470898198;1;"s__anginosus";"g__Streptococcus";"AIH";""
"2751";"OTU_1109";-0.156138806841037;0.563633249095141;1;"s__copri";"g__Prevotella";"AIH";""
"2841";"OTU_6809";-0.143765964834945;0.595287885329098;1;"s__ovatus";"g__Bacteroides";"AIH";""
"2881";"OTU_940";-0.239306814209614;0.372044631553517;1;"s__bromii";"g__Ruminococcus";"AIH";""
"2981";"OTU_1334";0.0250932479204367;0.926503695973487;1;"s__ovatus";"g__Bacteroides";"AIH";""
"2991";"OTU_8058";-0.0636879147406285;0.814733696484764;1;"s__prausnitzii";"g__Faecalibacterium";"AIH";""
"3031";"OTU_1913";-0.23527166577088;0.380402586703373;1;"s__prausnitzii";"g__Faecalibacterium";"AIH";""
"3061";"OTU_3269";-0.128461900771127;0.635401356810288;1;"s__copri";"g__Prevotella";"AIH";""
"3191";"OTU_1401";0.119227290897767;0.660083478278957;1;"s__dispar";"g__Veillonella";"AIH";""
"3201";"OTU_2696";-0.136126034226656;0.615185198658184;1;"s__prausnitzii";"g__Faecalibacterium";"AIH";""
"3281";"OTU_320";-0.0259809211854802;0.923910660492857;1;"s__producta";"g__Blautia";"AIH";""
"3311";"OTU_5602";0.362539699424992;0.167581113265659;1;"s__prausnitzii";"g__Faecalibacterium";"AIH";""
"3341";"OTU_7925";-0.0424201989345887;0.876044305979634;1;"s__caccae";"g__Bacteroides";"AIH";""
"3361";"OTU_6289";0.240435366773682;0.369725316445978;1;"s__parvula";"g__Veillonella";"AIH";""
"3381";"OTU_2769";0.0752415561098429;0.781822598309242;1;"s__uniformis";"g__Bacteroides";"AIH";""
"3401";"OTU_5422";-0.0128148715050996;0.962431227739091;1;"s__massiliensis";"g__Alistipes";"AIH";""
"3411";"OTU_6194";0.053950811721668;0.842699953852281;1;"s__massiliensis";"g__Alistipes";"AIH";""
"3491";"OTU_6771";0.152820949853113;0.572050554395213;1;"s__ovatus";"g__Bacteroides";"AIH";""
"3571";"OTU_2904";-0.23139738081907;0.388522777738444;1;"s__copri";"g__Prevotella";"AIH";""
"3621";"OTU_347";-0.236476712758389;0.377895934899286;1;"s__schaedleri";"g__Mucispirillum";"AIH";""
"3631";"OTU_348";0.225513528711049;0.401032165914013;1;"s__lenta";"g__Eggerthella";"AIH";""
"3671";"OTU_2785";0.112657244648174;0.677847844671193;1;"s__dispar";"g__Veillonella";"AIH";""
"3701";"OTU_1996";-0.0613938138552934;0.821305048158325;1;"s__acidifaciens";"g__Bacteroides";"AIH";""
"3711";"OTU_355";0.0419624881477199;0.877372323469154;1;"s__methylpentosum";"g__Clostridium";"AIH";""
"3721";"OTU_4209";-0.106680355942858;0.694148064329887;1;"s__massiliensis";"g__Alistipes";"AIH";""
"3851";"OTU_3270";0.052859556680341;0.845845809747651;1;"s__massiliensis";"g__Alistipes";"AIH";""
"3911";"OTU_1907";0.131340207214956;0.627779773033938;1;"s__prausnitzii";"g__Faecalibacterium";"AIH";""
"3961";"OTU_5951";-0.00606323697185191;0.982220154343824;1;"s__faecis";"g__Roseburia";"AIH";""
"3991";"OTU_2414";0.0799577471009181;0.768484202555261;1;"s__faecis";"g__Roseburia";"AIH";""
"4031";"OTU_4926";0.112495905097275;0.678286134119778;1;"s__obeum";"g__Blautia";"AIH";""
"4051";"OTU_6848";-0.104298212417964;0.700680312902622;1;"s__faecis";"g__Roseburia";"AIH";""
"4121";"OTU_1603";0.103167306695195;0.70378837910773;1;"s__faecis";"g__Roseburia";"AIH";""
"4131";"OTU_3849";0.588032857917777;0.0165862167151989;0.385725970120904;"s__prausnitzii";"g__Faecalibacterium";"AIH";""
"4141";"OTU_3111";-0.197963645994533;0.462374289666869;1;"s__massiliensis";"g__Alistipes";"AIH";""
"4161";"OTU_6703";-0.287612144372791;0.280071755649723;1;"s__bromii";"g__Ruminococcus";"AIH";""
"4231";"OTU_4036";NA;NA;NA;"s__massiliensis";"g__Alistipes";"AIH";""
"4311";"OTU_852";-0.0619407642101707;0.819737304765899;1;"s__copri";"g__Prevotella";"AIH";""
"4341";"OTU_1619";-0.171783191685516;0.524678165731552;1;"s__bromii";"g__Ruminococcus";"AIH";""
"4391";"OTU_3246";0.233051876209747;0.385043692760633;1;"s__prausnitzii";"g__Faecalibacterium";"AIH";""
"4401";"OTU_4563";0.0907855452642978;0.738095611801091;1;"s__prausnitzii";"g__Faecalibacterium";"AIH";""
"4411";"OTU_5502";-0.19587925390367;0.467195724086292;1;"s__prausnitzii";"g__Faecalibacterium";"AIH";""
"4441";"OTU_851";0.0304879849052839;0.910756395414322;1;"s__prausnitzii";"g__Faecalibacterium";"AIH";""
"4491";"OTU_433";0.0565934348626556;0.835091151334448;1;"s__mucilaginosa";"g__Rothia";"AIH";""
"4511";"OTU_4433";-0.0337761567814084;0.901173079736683;1;"s__prausnitzii";"g__Faecalibacterium";"AIH";""
"4561";"OTU_8052";-0.114971881067188;0.671570699993914;1;"s__aerofaciens";"g__Collinsella";"AIH";""
"4591";"OTU_3405";-0.0163807703984484;0.951987241133409;1;"s__ovatus";"g__Bacteroides";"AIH";""
"4601";"OTU_4848";0.0782356432143677;0.773347832001332;1;"s__indistinctus";"g__Alistipes";"AIH";""
"4641";"OTU_3884";-0.010345682306317;0.96966656796464;1;"s__prausnitzii";"g__Faecalibacterium";"AIH";""
"4691";"OTU_653";0.144072068683278;0.594496141062663;1;"s__ovatus";"g__Bacteroides";"AIH";""
"4711";"OTU_1146";0.0139352119515008;0.95914922509446;1;"s__uniformis";"g__Bacteroides";"AIH";""
"4741";"OTU_458";0.289676805975975;0.276479037774758;1;"s__gnavus";"g__[Ruminococcus]";"AIH";""
"4771";"OTU_703";0.250971155617797;0.3484608617006;1;"s__dispar";"g__Veillonella";"AIH";""
"4791";"OTU_2301";-0.106234635660484;0.695368788212562;1;"s__muciniphila";"g__Akkermansia";"AIH";""
"4821";"OTU_4671";-0.0538692398305112;0.842935031730658;1;"s__ovatus";"g__Bacteroides";"AIH";""
"4881";"OTU_4260";0.195169689726765;0.468842652931745;1;"s__adolescentis";"g__Bifidobacterium";"AIH";""
"4951";"OTU_3407";-0.0906749934394056;0.738404130780006;1;"s__fragilis";"g__Bacteroides";"AIH";""
"4981";"OTU_4637";-0.209191552184933;0.436832970857283;1;"s__adolescentis";"g__Bifidobacterium";"AIH";""
"5011";"OTU_1719";0.05649114034824;0.835385433306421;1;"s__copri";"g__Prevotella";"AIH";""
"5021";"OTU_4017";-0.106176501691277;0.695528055381605;1;"s__massiliensis";"g__Alistipes";"AIH";""
"5061";"OTU_2865";0.614381484763431;0.0113347432381166;0.290634442002989;"s__uniformis";"g__Bacteroides";"AIH";""
"5081";"OTU_1104";-0.177587195178784;0.510545481418078;1;"s__pullicaecorum";"g__Butyricicoccus";"AIH";""
"5181";"OTU_2159";-0.214684618671509;0.424606215152417;1;"s__copri";"g__Prevotella";"AIH";""
"5191";"OTU_3522";-0.156489230001815;0.562747342569399;1;"s__indistinctus";"g__Alistipes";"AIH";""
"5261";"OTU_7328";-0.190532160085613;0.479676398893268;1;"s__pseudolongum";"g__Bifidobacterium";"AIH";""
"5301";"OTU_8028";0.200580847245369;0.456355522047247;1;"s__ovatus";"g__Bacteroides";"AIH";""
"5361";"OTU_3236";-0.169467127220091;0.530366923511976;1;"s__ovatus";"g__Bacteroides";"AIH";""
"5371";"OTU_6073";-0.162857067794394;0.546753833871553;1;"s__copri";"g__Prevotella";"AIH";""
"5391";"OTU_4677";0.0814339887336602;0.764321373298057;1;"s__ovatus";"g__Bacteroides";"AIH";""
"5411";"OTU_529";-0.013085224561566;0.961639183188958;1;"s__gnavus";"g__[Ruminococcus]";"AIH";""
"5591";"OTU_2936";-0.161313050906124;0.550613361418128;1;"s__caccae";"g__Bacteroides";"AIH";""
"5601";"OTU_2420";-0.158787254826386;0.556952545139807;1;"s__prausnitzii";"g__Faecalibacterium";"AIH";""
"5611";"OTU_5850";-0.332700127066418;0.20799577443106;1;"s__copri";"g__Prevotella";"AIH";""
"5621";"OTU_1956";-0.0391415256410629;0.885563803311038;1;"s__caccae";"g__Bacteroides";"AIH";""
"5651";"OTU_4627";-0.174738093749321;0.517460848263435;1;"s__uniformis";"g__Bacteroides";"AIH";""
"5671";"OTU_2924";-0.0535297201597099;0.843913609530599;1;"s__bromii";"g__Ruminococcus";"AIH";""
"5681";"OTU_1155";-0.217101654423645;0.41928315046627;1;"s__hathewayi";"g__Clostridium";"AIH";""
"5701";"OTU_7035";0.091033642572329;0.737403378593497;1;"s__ovatus";"g__Bacteroides";"AIH";""
"5721";"OTU_2135";0.135256982142134;0.617464889717905;1;"s__distasonis";"g__Parabacteroides";"AIH";""
"5751";"OTU_4068";0.153130404611691;0.571263239101388;1;"s__ovatus";"g__Bacteroides";"AIH";""
"5791";"OTU_8059";0.188397896723783;0.484702640424345;1;"s__acidifaciens";"g__Bacteroides";"AIH";""
"5891";"OTU_7492";0.0691490104800824;0.799137869527119;1;"s__ovatus";"g__Bacteroides";"AIH";""
"5921";"OTU_6988";0.0234980451518746;0.931165265204279;1;"s__faecis";"g__Roseburia";"AIH";""
"5931";"OTU_999";0.00757379209748681;0.977791515054169;1;"s__prausnitzii";"g__Faecalibacterium";"AIH";""
"5951";"OTU_585";0.080425475337533;0.767164615891971;1;"s__moorei";"g__Bulleidia";"AIH";""
"6021";"OTU_1431";0.134062180956428;0.620604431071244;1;"s__prausnitzii";"g__Faecalibacterium";"AIH";""
"6031";"OTU_597";-0.323073447708623;0.222263586844435;1;"s__caccae";"g__Bacteroides";"AIH";""
"6101";"OTU_6996";0.00714746639009399;0.979041358669889;1;"s__ruminantium";"g__Clostridium";"AIH";""
"6141";"OTU_6228";-0.0952534858454776;0.725658660743482;1;"s__caccae";"g__Bacteroides";"AIH";""
"6181";"OTU_1165";0.0562928239294382;0.835956010424544;1;"s__prausnitzii";"g__Faecalibacterium";"AIH";""
"6211";"OTU_2337";-0.0184085718659827;0.946051275745149;1;"s__prausnitzii";"g__Faecalibacterium";"AIH";""
"6241";"OTU_7236";0.267079414441177;0.317321188018741;1;"s__acidifaciens";"g__Bacteroides";"AIH";""
"6261";"OTU_5389";-0.300881535789195;0.257470952868022;1;"s__copri";"g__Prevotella";"AIH";""
"6331";"OTU_2753";0.013867138732581;0.959348626432271;1;"s__prausnitzii";"g__Faecalibacterium";"AIH";""
"6501";"OTU_7373";0.0401494321170697;0.882635766575865;1;"s__faecis";"g__Roseburia";"AIH";""
"6521";"OTU_8145";-0.177035657556074;0.511880820067594;1;"s__faecis";"g__Roseburia";"AIH";""
"6551";"OTU_7811";0.147035567367668;0.586853211599245;1;"s__dispar";"g__Veillonella";"AIH";""
"6571";"OTU_7415";0.087699091297542;0.746722960555666;1;"s__faecis";"g__Roseburia";"AIH";""
"6601";"OTU_5393";-0.252935624523578;0.344573981422418;1;"s__copri";"g__Prevotella";"AIH";""
"6641";"OTU_2056";0.0124583571257103;0.963475746551988;1;"s__caccae";"g__Bacteroides";"AIH";""
"6671";"OTU_3894";0.0112755767949251;0.966941456262572;1;"s__prausnitzii";"g__Faecalibacterium";"AIH";""
"6681";"OTU_698";-0.214189975394958;0.425699877274316;1;"s__methylpentosum";"g__Clostridium";"AIH";""
"6731";"OTU_4708";-0.0499304655969487;0.854300434401144;1;"s__faecis";"g__Roseburia";"AIH";""
"6741";"OTU_6182";0.182687313374303;0.498274656080468;1;"s__ovatus";"g__Bacteroides";"AIH";""
"6761";"OTU_2458";NA;NA;NA;"s__prausnitzii";"g__Faecalibacterium";"AIH";""
"6781";"OTU_7262";-0.174738093749321;0.517460848263435;1;"s__massiliensis";"g__Alistipes";"AIH";""
"6881";"OTU_7291";-0.0801962733278775;0.767811181471571;1;"s__uniformis";"g__Bacteroides";"AIH";""
"6901";"OTU_745";-0.181562808051636;0.500968166481567;1;"s__methylpentosum";"g__Clostridium";"AIH";""
"6921";"OTU_3723";0.0331244433600742;0.903071510073918;1;"s__acidifaciens";"g__Bacteroides";"AIH";""
"6981";"OTU_2672";0.257063981164128;0.336486158206655;1;"s__ovatus";"g__Bacteroides";"AIH";""
"7041";"OTU_1903";0.780006177485997;0.000365349982151209;0.0221206360515722;"s__callidus";"g__Ruminococcus";"AIH";"*"
"7071";"OTU_1599";0.33938019899657;0.198450082010482;1;"s__massiliensis";"g__Alistipes";"AIH";""
"7081";"OTU_2570";-0.149941173061648;0.579399137331051;1;"s__prausnitzii";"g__Faecalibacterium";"AIH";""
"7151";"OTU_4176";-0.24935398102745;0.351679066885196;1;"s__adolescentis";"g__Bifidobacterium";"AIH";""
"7161";"OTU_1857";-0.169916691358793;0.529260525112538;1;"s__uniformis";"g__Bacteroides";"AIH";""
"7171";"OTU_2180";0.724235122899742;0.0015104100849701;0.0539432173203609;"s__callidus";"g__Ruminococcus";"AIH";""
"7191";"OTU_4833";0.213183404123323;0.427929919490419;1;"s__acidifaciens";"g__Bacteroides";"AIH";""
"7201";"OTU_5924";-0.0211513635164766;0.938026611541283;1;"s__prausnitzii";"g__Faecalibacterium";"AIH";""
"7211";"OTU_3404";0.0131445718990629;0.96146531970305;1;"s__prausnitzii";"g__Faecalibacterium";"AIH";""
"7231";"OTU_2290";-0.117138783475064;0.665712574405625;1;"s__guilliermondii";"g__Oscillospira";"AIH";""
"7251";"OTU_1836";0.093147239890559;0.731513804410437;1;"s__prausnitzii";"g__Faecalibacterium";"AIH";""
"7281";"OTU_4289";0.0171439129809953;0.94975300703456;1;"s__uniformis";"g__Bacteroides";"AIH";""
"7331";"OTU_1095";0.0125792834907359;0.963121449155661;1;"s__bromii";"g__Ruminococcus";"AIH";""
"7371";"OTU_7949";-0.142624776147148;0.598243352735167;1;"s__bromii";"g__Ruminococcus";"AIH";""
"7391";"OTU_7073";0.578267353766733;0.01895263262452;0.413633575763637;"s__parvula";"g__Veillonella";"AIH";""
"7411";"OTU_4739";0.246388733649242;0.357623182786204;1;"s__acidifaciens";"g__Bacteroides";"AIH";""
"7441";"OTU_867";-0.142388738496723;0.598855383919554;1;"s__distasonis";"g__Parabacteroides";"AIH";""
"7491";"OTU_2012";-0.157141984565559;0.561098704164512;1;"s__ovatus";"g__Bacteroides";"AIH";""
"7501";"OTU_6622";-0.199197279641909;0.459532420382123;1;"s__uniformis";"g__Bacteroides";"AIH";""
"7511";"OTU_1475";-0.02421998824781;0.929055304008172;1;"s__prausnitzii";"g__Faecalibacterium";"AIH";""
"7521";"OTU_3096";-0.131592571786218;0.627113191202914;1;"s__massiliensis";"g__Alistipes";"AIH";""
"7561";"OTU_6837";-0.00722445126746461;0.978815661435972;1;"s__acidifaciens";"g__Bacteroides";"AIH";""
"7571";"OTU_3139";0.053950811721668;0.842699953852281;1;"s__prausnitzii";"g__Faecalibacterium";"AIH";""
"7581";"OTU_4955";-0.016091730208623;0.952833545495384;1;"s__ovatus";"g__Bacteroides";"AIH";""
"7621";"OTU_6302";0.742194793842421;0.000993703505097976;0.042105633528724;"s__uniformis";"g__Bacteroides";"AIH";"*"
"7701";"OTU_4082";-0.149925813511604;0.579438436886696;1;"s__massiliensis";"g__Alistipes";"AIH";""
"7711";"OTU_1496";-0.00756723630841085;0.977810734063606;1;"s__ovatus";"g__Bacteroides";"AIH";""
"7741";"OTU_2213";-0.152667055796065;0.572442262320862;1;"s__massiliensis";"g__Alistipes";"AIH";""
"7771";"OTU_1575";-0.240412368760526;0.369772500389639;1;"s__prausnitzii";"g__Faecalibacterium";"AIH";""
"7791";"OTU_3978";0.47276689265417;0.0644078547363258;1;"s__prausnitzii";"g__Faecalibacterium";"AIH";""
"7801";"OTU_3605";0.0543146329747807;0.841651627772815;1;"s__prausnitzii";"g__Faecalibacterium";"AIH";""
"7841";"OTU_3609";-0.088657210719504;0.744041725978993;1;"s__faecis";"g__Roseburia";"AIH";""
"7861";"OTU_6801";-0.0927142220284144;0.732719283541911;1;"s__prausnitzii";"g__Faecalibacterium";"AIH";""
"7901";"OTU_4264";-0.0216502440957916;0.936567601705922;1;"s__prausnitzii";"g__Faecalibacterium";"AIH";""
"7931";"OTU_2968";0.089026966590891;0.743007723145093;1;"s__prausnitzii";"g__Faecalibacterium";"AIH";""
"7971";"OTU_1788";0.236454398023492;0.37794227009964;1;"s__prausnitzii";"g__Faecalibacterium";"AIH";""
"8011";"OTU_3289";-0.0383948237380574;0.88773392044139;1;"s__uniformis";"g__Bacteroides";"AIH";""
"8021";"OTU_5894";0.193246899381171;0.473319827792674;1;"s__faecis";"g__Roseburia";"AIH";""
"8061";"OTU_7803";-0.0142225379631399;0.95830760954733;1;"s__prausnitzii";"g__Faecalibacterium";"AIH";""
"8071";"OTU_4911";0.0767356368264497;0.777590663443963;1;"s__dispar";"g__Veillonella";"AIH";""
"8091";"OTU_4946";-0.324698957341259;0.219811884392911;1;"s__adolescentis";"g__Bifidobacterium";"AIH";""
"8111";"OTU_7627";-0.232104290955988;0.387034207582207;1;"s__prausnitzii";"g__Faecalibacterium";"AIH";""
"8131";"OTU_4120";-0.177591968338127;0.510533932091642;1;"s__bromii";"g__Ruminococcus";"AIH";""
"8151";"OTU_6322";0.0225615021604952;0.933903057617862;1;"s__faecis";"g__Roseburia";"AIH";""
"8191";"OTU_2132";-0.170770741011656;0.527161545651462;1;"s__indistinctus";"g__Alistipes";"AIH";""
"8211";"OTU_1657";-0.069294008909088;0.798724724223344;1;"s__uniformis";"g__Bacteroides";"AIH";""
"8251";"OTU_1641";-0.218658886256404;0.415872200178897;1;"s__copri";"g__Prevotella";"AIH";""
"8261";"OTU_3589";-0.189602918292863;0.481861675793108;1;"s__uniformis";"g__Bacteroides";"AIH";""
"8301";"OTU_5346";-0.230304753348531;0.390829647419812;1;"s__dispar";"g__Veillonella";"AIH";""
"8361";"OTU_2302";0.0520816201546901;0.848089771325185;1;"s__faecis";"g__Roseburia";"AIH";""
"8371";"OTU_5459";-0.301244785675916;0.256868561508675;1;"s__bromii";"g__Ruminococcus";"AIH";""
"8381";"OTU_7624";0.0543146329747807;0.841651627772815;1;"s__prausnitzii";"g__Faecalibacterium";"AIH";""
"8431";"OTU_4205";-0.15854994887178;0.557549748185704;1;"s__massiliensis";"g__Alistipes";"AIH";""
"8441";"OTU_6340";-0.0126860250789451;0.962808716551195;1;"s__ovatus";"g__Bacteroides";"AIH";""
"8451";"OTU_4552";-0.0785348714751466;0.772502167505945;1;"s__prausnitzii";"g__Faecalibacterium";"AIH";""
"8581";"OTU_8175";0.176342573499612;0.513561150799297;1;"s__prausnitzii";"g__Faecalibacterium";"AIH";""
"8601";"OTU_5909";0.696426493782908;0.00272500570610101;0.0939657140034832;"s__prausnitzii";"g__Faecalibacterium";"AIH";""
"8621";"OTU_3648";0.162279772778307;0.548195485294718;1;"s__prausnitzii";"g__Faecalibacterium";"AIH";""
"8651";"OTU_2329";0.52464517315182;0.0369361616290096;0.753799216918563;"s__uniformis";"g__Bacteroides";"AIH";""
"8661";"OTU_7937";0.207303376570777;0.441076912948907;1;"s__parvula";"g__Veillonella";"AIH";""
"8681";"OTU_3223";0.053950811721668;0.842699953852281;1;"s__uniformis";"g__Bacteroides";"AIH";""
"8691";"OTU_2044";-0.16371694167843;0.544609608852276;1;"s__ovatus";"g__Bacteroides";"AIH";""
"8791";"OTU_2560";-0.0855207999443999;0.752828866475644;1;"s__indistinctus";"g__Alistipes";"AIH";""
"9051";"OTU_2209";0.0447464995906867;0.869299558711325;1;"s__massiliensis";"g__Alistipes";"AIH";""
"9101";"OTU_5917";-0.140988274739251;0.602491872656476;1;"s__massiliensis";"g__Alistipes";"AIH";""
"9131";"OTU_4786";0.224691543139692;0.402796657405772;1;"s__fragilis";"g__Bacteroides";"AIH";""
"9171";"OTU_5102";-0.240713353775574;0.369155246429882;1;"s__massiliensis";"g__Alistipes";"AIH";""
"9251";"OTU_6949";0.0745138908906014;0.783885773419226;1;"s__prausnitzii";"g__Faecalibacterium";"AIH";""
"9271";"OTU_4440";0.263916857898379;0.323302818518227;1;"s__prausnitzii";"g__Faecalibacterium";"AIH";""
"9311";"OTU_2875";-0.227272328061835;0.39727057330404;1;"s__bromii";"g__Ruminococcus";"AIH";""
"9401";"OTU_3346";-0.0833147679808076;0.759026559570413;1;"s__bromii";"g__Ruminococcus";"AIH";""
"9481";"OTU_7182";0.200914026596682;0.455592129923305;1;"s__fragilis";"g__Bacteroides";"AIH";""
"9551";"OTU_5580";-0.259863670035169;0.331063614031319;1;"s__bromii";"g__Ruminococcus";"AIH";""
"9601";"OTU_3455";0.254159325046323;0.342165250544556;1;"s__prausnitzii";"g__Faecalibacterium";"AIH";""
"9651";"OTU_1668";0.0581303890623053;0.830672113901592;1;"s__uniformis";"g__Bacteroides";"AIH";""
"9681";"OTU_5849";-0.112172984688795;0.679163658864328;1;"s__ovatus";"g__Bacteroides";"AIH";""
"9711";"OTU_1888";-0.166680125350237;0.537249040783185;1;"s__massiliensis";"g__Alistipes";"AIH";""
"9721";"OTU_2929";0.194546470034354;0.470291521771643;1;"s__dispar";"g__Veillonella";"AIH";""
"9821";"OTU_2066";0.412225220174013;0.11259149820862;1;"s__bromii";"g__Ruminococcus";"AIH";""
"9891";"OTU_2375";0.132266719532078;0.625333861065069;1;"s__acidifaciens";"g__Bacteroides";"AIH";""
"9921";"OTU_3939";-0.307388172012431;0.246812415422004;1;"s__copri";"g__Prevotella";"AIH";""
"9941";"OTU_3039";-0.0172071017690467;0.949568026261159;1;"s__ovatus";"g__Bacteroides";"AIH";""
"22";"OTU_16";-0.491171450137492;0.104891798752788;0.764803682979822;"s__bromii";"g__Ruminococcus";"healthy";""
"33";"OTU_56";0.357734143808607;0.253582733623524;0.863370061689054;"s__prausnitzii";"g__Faecalibacterium";"healthy";""
"44";"OTU_19";0.00387242120266216;0.990470403984409;1;"s__plebeius";"g__Bacteroides";"healthy";""
"62";"OTU_2787";NA;NA;NA;"s__copri";"g__Prevotella";"healthy";""
"113";"OTU_2";-0.00786384450641012;0.98064916574485;1;"s__copri";"g__Prevotella";"healthy";""
"123";"OTU_13";0.116267474135293;0.718967872297701;0.953847852189064;"s__ovatus";"g__Bacteroides";"healthy";""
"182";"OTU_44";0.510093603184252;0.0902052692740247;0.764803682979822;"s__caccae";"g__Bacteroides";"healthy";""
"254";"OTU_55";0.332815833311308;0.290487290899883;0.863370061689054;"s__prausnitzii";"g__Faecalibacterium";"healthy";""
"273";"OTU_14";0.111876606803859;0.7292219127767;0.953847852189064;"s__dispar";"g__Veillonella";"healthy";""
"302";"OTU_1553";0.109674165979859;0.734380788512741;0.953847852189064;"s__copri";"g__Prevotella";"healthy";""
"312";"OTU_60";NA;NA;NA;"s__copri";"g__Prevotella";"healthy";""
"352";"OTU_63";-0.117196295935881;0.716804163822324;0.953847852189064;"s__torques";"g__[Ruminococcus]";"healthy";""
"422";"OTU_69";0.580380761094431;0.0478744507191082;0.764803682979822;"s__aerofaciens";"g__Collinsella";"healthy";""
"433";"OTU_71";-0.236953712987515;0.4583786754539;0.889831799004521;"s__saccharogumia";"g__Clostridium";"healthy";""
"462";"OTU_648";0.0193929722868676;0.952299030803341;1;"s__callidus";"g__Ruminococcus";"healthy";""
"473";"OTU_75";-0.51883687311024;0.0839144027007423;0.764803682979822;"s__celatum";"g__Clostridium";"healthy";""
"532";"OTU_83";0.337979724434234;0.282602932260436;0.863370061689054;"s__eggerthii";"g__Bacteroides";"healthy";""
"552";"OTU_5278";0.416057587897588;0.178543474803887;0.863370061689054;"s__hathewayi";"g__Clostridium";"healthy";""
"564";"OTU_85";-0.294563786949843;0.352678254481914;0.863370061689054;"s__ovatus";"g__Bacteroides";"healthy";""
"604";"OTU_90";0.384949139736404;0.216587542707612;0.863370061689054;"s__gnavus";"g__[Ruminococcus]";"healthy";""
"662";"OTU_96";0.400910138576833;0.19650412361211;0.863370061689054;"s__stercorea";"g__Prevotella";"healthy";""
"763";"OTU_8";0.018253181133359;0.955100011222476;1;"s__muciniphila";"g__Akkermansia";"healthy";""
"773";"OTU_110";-0.223422610352959;0.485160471348487;0.910244786770145;"s__indistinctus";"g__Alistipes";"healthy";""
"782";"OTU_111";0.507379670266487;0.0922209072062281;0.764803682979822;"s__obeum";"g__Blautia";"healthy";""
"852";"OTU_3013";NA;NA;NA;"s__copri";"g__Prevotella";"healthy";""
"1032";"OTU_5";0.00200569801046215;0.995064129027281;1;"s__uniformis";"g__Bacteroides";"healthy";""
"1042";"OTU_9";0.417497692388155;0.176891367985991;0.863370061689054;"s__prausnitzii";"g__Faecalibacterium";"healthy";""
"1112";"OTU_943";-0.181682594391915;0.571992958554813;0.93407511705041;"s__prausnitzii";"g__Faecalibacterium";"healthy";""
"1142";"OTU_15";-0.283868414465235;0.371236697319668;0.863370061689054;"s__caccae";"g__Bacteroides";"healthy";""
"1202";"OTU_605";-0.553323055695416;0.062010766775378;0.764803682979822;"s__gordonii";"g__Parabacteroides";"healthy";""
"1222";"OTU_18";0.334557577978485;0.287814197379795;0.863370061689054;"s__prausnitzii";"g__Faecalibacterium";"healthy";""
"1252";"OTU_1983";0.121439352245679;0.706944378254629;0.953847852189064;"s__bromii";"g__Ruminococcus";"healthy";""
"1272";"OTU_21";0.334126464587707;0.288474533888852;0.863370061689054;"s__gnavus";"g__[Ruminococcus]";"healthy";""
"1302";"OTU_150";0.159425429772412;0.620659234474888;0.953847852189064;"s__eutactus";"g__Coprococcus";"healthy";""
"1352";"OTU_152";0.203120393846907;0.526630173529838;0.913785459797338;"s__ruminis";"g__Lactobacillus";"healthy";""
"1382";"OTU_5002";NA;NA;NA;"s__copri";"g__Prevotella";"healthy";""
"1412";"OTU_34";-0.0515202525209959;0.8736595257438;0.996568847105441;"s__coli";"g__Escherichia";"healthy";""
"1422";"OTU_1839";0.505287101278131;0.0937956176849903;0.764803682979822;"s__copri";"g__Prevotella";"healthy";""
"1442";"OTU_6481";0.335139657496524;0.286923986403757;0.863370061689054;"s__prausnitzii";"g__Faecalibacterium";"healthy";""
"1542";"OTU_133";0.343489751459701;0.274326074775448;0.863370061689054;"s__formicigenerans";"g__Dorea";"healthy";""
"1572";"OTU_29";0.202447030177549;0.52803106670703;0.913785459797338;"s__parainfluenzae";"g__Haemophilus";"healthy";""
"1582";"OTU_1855";0.0516581976582983;0.873323650956186;0.996568847105441;"s__uniformis";"g__Bacteroides";"healthy";""
"1752";"OTU_8149";-0.395985805489729;0.202573255743197;0.863370061689054;"s__muciniphila";"g__Akkermansia";"healthy";""
"1782";"OTU_332";0.232022106565082;0.468057935303143;0.896021245586663;"s__citroniae";"g__Clostridium";"healthy";""
"1832";"OTU_191";-0.541655364355043;0.0689156434117361;0.764803682979822;"s__lividum";"g__Janthinobacterium";"healthy";""
"1842";"OTU_389";-0.292296581131322;0.356570349797228;0.863370061689054;"s__faecis";"g__Roseburia";"healthy";""
"1902";"OTU_5404";-0.276493810252601;0.384322902895951;0.863370061689054;"s__caccae";"g__Bacteroides";"healthy";""
"1912";"OTU_1201";0.391572955960483;0.208108273231755;0.863370061689054;"s__prausnitzii";"g__Faecalibacterium";"healthy";""
"1922";"OTU_2368";-0.133950926210868;0.678115231417404;0.953847852189064;"s__ovatus";"g__Bacteroides";"healthy";""
"1942";"OTU_1802";0.0614952694930673;0.849424462915177;0.98455917905666;"s__ruminantium";"g__Clostridium";"healthy";""
"1952";"OTU_199";0.535281255912543;0.0729030669426292;0.764803682979822;"s__pullicaecorum";"g__Butyricicoccus";"healthy";""
"1972";"OTU_1981";0.29346396518955;0.354563479539414;0.863370061689054;"s__prausnitzii";"g__Faecalibacterium";"healthy";""
"1992";"OTU_8163";-0.114524408830491;0.72303348292426;0.953847852189064;"s__uniformis";"g__Bacteroides";"healthy";""
"2022";"OTU_26";-0.0852978431729221;0.792110405743813;0.973220463172027;"s__indistinctus";"g__Alistipes";"healthy";""
"2052";"OTU_6495";-0.07740950515581;0.811013887430322;0.973220463172027;"s__ovatus";"g__Bacteroides";"healthy";""
"2072";"OTU_2441";NA;NA;NA;"s__copri";"g__Prevotella";"healthy";""
"2112";"OTU_3313";-0.273226393074434;0.39019565465526;0.863370061689054;"s__ovatus";"g__Bacteroides";"healthy";""
"2142";"OTU_214";0.438174904323316;0.154223351103407;0.863370061689054;"s__colinum";"g__Clostridium";"healthy";""
"2172";"OTU_208";0.287835994641231;0.364293783832139;0.863370061689054;"s__biforme";"g__[Eubacterium]";"healthy";""
"2212";"OTU_221";-0.439307849287764;0.153037875727088;0.863370061689054;"s__reuteri";"g__Lactobacillus";"healthy";""
"2282";"OTU_228";-0.116000521065261;0.719590096012335;0.953847852189064;"s__indistinctus";"g__Alistipes";"healthy";""
"2412";"OTU_244";-0.24350542453968;0.445667402121164;0.887748992821452;"s__formigenes";"g__Oxalobacter";"healthy";""
"2472";"OTU_448";-0.0576937864719057;0.858647437291295;0.991509742830595;"s__pullicaecorum";"g__Butyricicoccus";"healthy";""
"2502";"OTU_251";0.493786267278526;0.102773474616239;0.764803682979822;"s__catus";"g__Coprococcus";"healthy";""
"2512";"OTU_253";-0.545713203345166;0.066456996472728;0.764803682979822;"s__veronii";"g__Pseudomonas";"healthy";""
"2532";"OTU_971";0.384857914968806;0.21670575547423;0.863370061689054;"s__prausnitzii";"g__Faecalibacterium";"healthy";""
"2682";"OTU_269";NA;NA;NA;"s__perfringens";"g__Clostridium";"healthy";""
"2722";"OTU_270";0.109674165979859;0.734380788512741;0.953847852189064;"s__anginosus";"g__Streptococcus";"healthy";""
"2752";"OTU_1109";NA;NA;NA;"s__copri";"g__Prevotella";"healthy";""
"2842";"OTU_6809";0.324018837877816;0.304201398372062;0.863370061689054;"s__ovatus";"g__Bacteroides";"healthy";""
"2882";"OTU_940";-0.0281934301387779;0.930691211066852;1;"s__bromii";"g__Ruminococcus";"healthy";""
"2982";"OTU_1334";0.0302505270525505;0.925646100656099;1;"s__ovatus";"g__Bacteroides";"healthy";""
"2992";"OTU_8058";0.00979172699752253;0.975906252047838;1;"s__prausnitzii";"g__Faecalibacterium";"healthy";""
"3032";"OTU_1913";0.120795877355955;0.708437034762656;0.953847852189064;"s__prausnitzii";"g__Faecalibacterium";"healthy";""
"3062";"OTU_3269";NA;NA;NA;"s__copri";"g__Prevotella";"healthy";""
"3192";"OTU_1401";0.262199835392936;0.410348636752278;0.87308220585591;"s__dispar";"g__Veillonella";"healthy";""
"3202";"OTU_2696";0.527306341106517;0.0781111868184496;0.764803682979822;"s__prausnitzii";"g__Faecalibacterium";"healthy";""
"3282";"OTU_320";-0.192366235752436;0.549191894954992;0.920937609821418;"s__producta";"g__Blautia";"healthy";""
"3312";"OTU_5602";0.338886916036226;0.281230531250861;0.863370061689054;"s__prausnitzii";"g__Faecalibacterium";"healthy";""
"3342";"OTU_7925";-0.202381253952036;0.528167995762861;0.913785459797338;"s__caccae";"g__Bacteroides";"healthy";""
"3362";"OTU_6289";0.109674165979859;0.734380788512741;0.953847852189064;"s__parvula";"g__Veillonella";"healthy";""
"3382";"OTU_2769";0.110216497994683;0.733109515370796;0.953847852189064;"s__uniformis";"g__Bacteroides";"healthy";""
"3402";"OTU_5422";0.0139800340070388;0.965604973767005;1;"s__massiliensis";"g__Alistipes";"healthy";""
"3412";"OTU_6194";-0.231601470177166;0.468887891903051;0.896021245586663;"s__massiliensis";"g__Alistipes";"healthy";""
"3492";"OTU_6771";0.285917246610527;0.367642856768243;0.863370061689054;"s__ovatus";"g__Bacteroides";"healthy";""
"3572";"OTU_2904";NA;NA;NA;"s__copri";"g__Prevotella";"healthy";""
"3622";"OTU_347";-0.359085542170721;0.251663897053875;0.863370061689054;"s__schaedleri";"g__Mucispirillum";"healthy";""
"3632";"OTU_348";0.337067377229237;0.283986970933007;0.863370061689054;"s__lenta";"g__Eggerthella";"healthy";""
"3672";"OTU_2785";0.0983600073735215;0.761037552843657;0.964340947439302;"s__dispar";"g__Veillonella";"healthy";""
"3702";"OTU_1996";-0.156233869609172;0.627759601464656;0.953847852189064;"s__acidifaciens";"g__Bacteroides";"healthy";""
"3712";"OTU_355";0.11483731890325;0.722303148615635;0.953847852189064;"s__methylpentosum";"g__Clostridium";"healthy";""
"3722";"OTU_4209";0.312894637144212;0.322049836412797;0.863370061689054;"s__massiliensis";"g__Alistipes";"healthy";""
"3852";"OTU_3270";0.467538917206769;0.125363304212902;0.814047429953907;"s__massiliensis";"g__Alistipes";"healthy";""
"3912";"OTU_1907";0.676351024201777;0.0157334274410144;0.764803682979822;"s__prausnitzii";"g__Faecalibacterium";"healthy";""
"3962";"OTU_5951";0.0394738624215167;0.903058830732046;1;"s__faecis";"g__Roseburia";"healthy";""
"3992";"OTU_2414";0.0890884537763564;0.783062456624121;0.972748393321889;"s__faecis";"g__Roseburia";"healthy";""
"4032";"OTU_4926";0.458494957755383;0.13384159995702;0.826182715784072;"s__obeum";"g__Blautia";"healthy";""
"4052";"OTU_6848";0.150241995527911;0.641168094219711;0.953847852189064;"s__faecis";"g__Roseburia";"healthy";""
"4122";"OTU_1603";-0.155639382837492;0.629085404641973;0.953847852189064;"s__faecis";"g__Roseburia";"healthy";""
"4132";"OTU_3849";0.190670038463722;0.552786576082577;0.922847594838367;"s__prausnitzii";"g__Faecalibacterium";"healthy";""
"4142";"OTU_3111";0.30687615586544;0.331939999803697;0.863370061689054;"s__massiliensis";"g__Alistipes";"healthy";""
"4162";"OTU_6703";0.160005458345102;0.619371989459714;0.953847852189064;"s__bromii";"g__Ruminococcus";"healthy";""
"4232";"OTU_4036";-0.080337076944332;0.803986948101542;0.973220463172027;"s__massiliensis";"g__Alistipes";"healthy";""
"4312";"OTU_852";NA;NA;NA;"s__copri";"g__Prevotella";"healthy";""
"4342";"OTU_1619";0.300048284367805;0.343357092174957;0.863370061689054;"s__bromii";"g__Ruminococcus";"healthy";""
"4392";"OTU_3246";-0.0980255480059472;0.761829348477048;0.964340947439302;"s__prausnitzii";"g__Faecalibacterium";"healthy";""
"4402";"OTU_4563";0.334354357260409;0.288125363805636;0.863370061689054;"s__prausnitzii";"g__Faecalibacterium";"healthy";""
"4412";"OTU_5502";0.143688725885743;0.655946275362449;0.953847852189064;"s__prausnitzii";"g__Faecalibacterium";"healthy";""
"4442";"OTU_851";0.33848295083792;0.28184118032286;0.863370061689054;"s__prausnitzii";"g__Faecalibacterium";"healthy";""
"4492";"OTU_433";0.545985095970319;0.0662944539454831;0.764803682979822;"s__mucilaginosa";"g__Rothia";"healthy";""
"4512";"OTU_4433";0.363143200548363;0.245953757219411;0.863370061689054;"s__prausnitzii";"g__Faecalibacterium";"healthy";""
"4562";"OTU_8052";0.118925327772822;0.712781447225936;0.953847852189064;"s__aerofaciens";"g__Collinsella";"healthy";""
"4592";"OTU_3405";0.31396060494695;0.320315175873161;0.863370061689054;"s__ovatus";"g__Bacteroides";"healthy";""
"4602";"OTU_4848";0.000441982113381276;0.998912309926155;1;"s__indistinctus";"g__Alistipes";"healthy";""
"4642";"OTU_3884";0.109674165979859;0.734380788512741;0.953847852189064;"s__prausnitzii";"g__Faecalibacterium";"healthy";""
"4692";"OTU_653";0.379581717144721;0.223609204683963;0.863370061689054;"s__ovatus";"g__Bacteroides";"healthy";""
"4712";"OTU_1146";0.425934983010906;0.167404500500443;0.863370061689054;"s__uniformis";"g__Bacteroides";"healthy";""
"4742";"OTU_458";-0.333363557915076;0.289645178584867;0.863370061689054;"s__gnavus";"g__[Ruminococcus]";"healthy";""
"4772";"OTU_703";0.103842987054755;0.74808769094528;0.957858759212907;"s__dispar";"g__Veillonella";"healthy";""
"4792";"OTU_2301";-0.225764769855308;0.480474475772285;0.90998953744751;"s__muciniphila";"g__Akkermansia";"healthy";""
"4822";"OTU_4671";0.313296692870831;0.3213949630489;0.863370061689054;"s__ovatus";"g__Bacteroides";"healthy";""
"4882";"OTU_4260";-0.209347323556594;0.513751634865871;0.913785459797338;"s__adolescentis";"g__Bifidobacterium";"healthy";""
"4952";"OTU_3407";-0.0685169795575019;0.832434987189347;0.979335279046291;"s__fragilis";"g__Bacteroides";"healthy";""
"4982";"OTU_4637";0.0571024933439324;0.860083491070249;0.992022481049883;"s__adolescentis";"g__Bifidobacterium";"healthy";""
"5012";"OTU_1719";NA;NA;NA;"s__copri";"g__Prevotella";"healthy";""
"5022";"OTU_4017";0.314495047375418;0.319447408002184;0.863370061689054;"s__massiliensis";"g__Alistipes";"healthy";""
"5062";"OTU_2865";-0.331678581753744;0.292240199196518;0.863370061689054;"s__uniformis";"g__Bacteroides";"healthy";""
"5082";"OTU_1104";0.258775787261767;0.416710368716108;0.87974869145005;"s__pullicaecorum";"g__Butyricicoccus";"healthy";""
"5182";"OTU_2159";NA;NA;NA;"s__copri";"g__Prevotella";"healthy";""
"5192";"OTU_3522";-0.290693639116856;0.359335767183575;0.863370061689054;"s__indistinctus";"g__Alistipes";"healthy";""
"5262";"OTU_7328";0.355962713762713;0.256110885790241;0.863370061689054;"s__pseudolongum";"g__Bifidobacterium";"healthy";""
"5302";"OTU_8028";-0.0513841721367602;0.873990878911472;0.996568847105441;"s__ovatus";"g__Bacteroides";"healthy";""
"5362";"OTU_3236";-0.15588944321094;0.62852760613982;0.953847852189064;"s__ovatus";"g__Bacteroides";"healthy";""
"5372";"OTU_6073";NA;NA;NA;"s__copri";"g__Prevotella";"healthy";""
"5392";"OTU_4677";0.309005852227198;0.32842161693301;0.863370061689054;"s__ovatus";"g__Bacteroides";"healthy";""
"5412";"OTU_529";-0.524099975067154;0.0802748888493316;0.764803682979822;"s__gnavus";"g__[Ruminococcus]";"healthy";""
"5592";"OTU_2936";-0.349972005050176;0.264769172384669;0.863370061689054;"s__caccae";"g__Bacteroides";"healthy";""
"5602";"OTU_2420";0.320176684222587;0.310302343755251;0.863370061689054;"s__prausnitzii";"g__Faecalibacterium";"healthy";""
"5612";"OTU_5850";NA;NA;NA;"s__copri";"g__Prevotella";"healthy";""
"5622";"OTU_1956";0.47433832460945;0.119225964038134;0.805580838095501;"s__caccae";"g__Bacteroides";"healthy";""
"5652";"OTU_4627";-0.153209561495571;0.634514730389628;0.953847852189064;"s__uniformis";"g__Bacteroides";"healthy";""
"5672";"OTU_2924";-0.269911552668509;0.396200139384254;0.866906295748045;"s__bromii";"g__Ruminococcus";"healthy";""
"5682";"OTU_1155";0.0620274428999266;0.848134685886649;0.98455917905666;"s__hathewayi";"g__Clostridium";"healthy";""
"5702";"OTU_7035";0.242129626361664;0.448322538426317;0.887748992821452;"s__ovatus";"g__Bacteroides";"healthy";""
"5722";"OTU_2135";-0.29996759681126;0.343493256589074;0.863370061689054;"s__distasonis";"g__Parabacteroides";"healthy";""
"5752";"OTU_4068";0.308237466423874;0.329688683343181;0.863370061689054;"s__ovatus";"g__Bacteroides";"healthy";""
"5792";"OTU_8059";0.303240006186131;0.33799417413938;0.863370061689054;"s__acidifaciens";"g__Bacteroides";"healthy";""
"5892";"OTU_7492";0.304657980633374;0.335626207709999;0.863370061689054;"s__ovatus";"g__Bacteroides";"healthy";""
"5922";"OTU_6988";0.218694088507461;0.494683805135578;0.913785459797338;"s__faecis";"g__Roseburia";"healthy";""
"5932";"OTU_999";0.393364437644294;0.205850244776406;0.863370061689054;"s__prausnitzii";"g__Faecalibacterium";"healthy";""
"5952";"OTU_585";0.447744236447859;0.144393353871523;0.849372669832489;"s__moorei";"g__Bulleidia";"healthy";""
"6022";"OTU_1431";0.523904878182951;0.0804078462500637;0.764803682979822;"s__prausnitzii";"g__Faecalibacterium";"healthy";""
"6032";"OTU_597";-0.0811178879228541;0.802115023729219;0.973220463172027;"s__caccae";"g__Bacteroides";"healthy";""
"6102";"OTU_6996";0.0641980467485336;0.842877575365514;0.98455917905666;"s__ruminantium";"g__Clostridium";"healthy";""
"6142";"OTU_6228";0.185346015513907;0.564132023536892;0.931757702054415;"s__caccae";"g__Bacteroides";"healthy";""
"6182";"OTU_1165";0.0640535393083527;0.843227385656617;0.98455917905666;"s__prausnitzii";"g__Faecalibacterium";"healthy";""
"6212";"OTU_2337";0.356923388589491;0.254738010236652;0.863370061689054;"s__prausnitzii";"g__Faecalibacterium";"healthy";""
"6242";"OTU_7236";-0.000848552780173857;0.997911766647362;1;"s__acidifaciens";"g__Bacteroides";"healthy";""
"6262";"OTU_5389";NA;NA;NA;"s__copri";"g__Prevotella";"healthy";""
"6332";"OTU_2753";0.513339997726081;0.0878334963801075;0.764803682979822;"s__prausnitzii";"g__Faecalibacterium";"healthy";""
"6502";"OTU_7373";0.175920806911962;0.584444095763182;0.938112513263534;"s__faecis";"g__Roseburia";"healthy";""
"6522";"OTU_8145";-0.27636321014061;0.384556762872533;0.863370061689054;"s__faecis";"g__Roseburia";"healthy";""
"6552";"OTU_7811";0.109674165979859;0.734380788512741;0.953847852189064;"s__dispar";"g__Veillonella";"healthy";""
"6572";"OTU_7415";-0.416016518514532;0.178590730960739;0.863370061689054;"s__faecis";"g__Roseburia";"healthy";""
"6602";"OTU_5393";NA;NA;NA;"s__copri";"g__Prevotella";"healthy";""
"6642";"OTU_2056";-0.272821524198239;0.390926527228933;0.863370061689054;"s__caccae";"g__Bacteroides";"healthy";""
"6672";"OTU_3894";0.454000215034351;0.138190237583569;0.832471310744389;"s__prausnitzii";"g__Faecalibacterium";"healthy";""
"6682";"OTU_698";-0.152249687354643;0.636664107718345;0.953847852189064;"s__methylpentosum";"g__Clostridium";"healthy";""
"6732";"OTU_4708";-0.336851067355387;0.284315679124491;0.863370061689054;"s__faecis";"g__Roseburia";"healthy";""
"6742";"OTU_6182";0.349984904059287;0.264750349972021;0.863370061689054;"s__ovatus";"g__Bacteroides";"healthy";""
"6762";"OTU_2458";0.384247769164379;0.21749740952764;0.863370061689054;"s__prausnitzii";"g__Faecalibacterium";"healthy";""
"6782";"OTU_7262";0.120907629357632;0.708177738025084;0.953847852189064;"s__massiliensis";"g__Alistipes";"healthy";""
"6882";"OTU_7291";-0.180440603261797;0.574667898497265;0.93407511705041;"s__uniformis";"g__Bacteroides";"healthy";""
"6902";"OTU_745";-0.175464902060953;0.585433802542851;0.938195196382774;"s__methylpentosum";"g__Clostridium";"healthy";""
"6922";"OTU_3723";0.293196808585042;0.355022223213097;0.863370061689054;"s__acidifaciens";"g__Bacteroides";"healthy";""
"6982";"OTU_2672";0.621523999537502;0.0309728640161555;0.764803682979822;"s__ovatus";"g__Bacteroides";"healthy";""
"7042";"OTU_1903";0.482827947142373;0.111844834239986;0.785152761351123;"s__callidus";"g__Ruminococcus";"healthy";""
"7072";"OTU_1599";-0.0358267414886959;0.911983344441037;1;"s__massiliensis";"g__Alistipes";"healthy";""
"7082";"OTU_2570";0.452375433328951;0.139784411050514;0.836278971602948;"s__prausnitzii";"g__Faecalibacterium";"healthy";""
"7152";"OTU_4176";0.331842676627927;0.291986903084847;0.863370061689054;"s__adolescentis";"g__Bifidobacterium";"healthy";""
"7162";"OTU_1857";-0.464329921963495;0.128330235216847;0.822629712928507;"s__uniformis";"g__Bacteroides";"healthy";""
"7172";"OTU_2180";0.0553422463431041;0.864360832494944;0.994661487335954;"s__callidus";"g__Ruminococcus";"healthy";""
"7192";"OTU_4833";-0.112118794077484;0.728655251138619;0.953847852189064;"s__acidifaciens";"g__Bacteroides";"healthy";""
"7202";"OTU_5924";-0.0484686417287738;0.88109452585844;0.99897338532703;"s__prausnitzii";"g__Faecalibacterium";"healthy";""
"7212";"OTU_3404";0.337863343013355;0.282779269754758;0.863370061689054;"s__prausnitzii";"g__Faecalibacterium";"healthy";""
"7232";"OTU_2290";-0.237837170447037;0.456654752770661;0.889831799004521;"s__guilliermondii";"g__Oscillospira";"healthy";""
"7252";"OTU_1836";-0.0153727672374871;0.962180498618941;1;"s__prausnitzii";"g__Faecalibacterium";"healthy";""
"7282";"OTU_4289";-0.31485099315906;0.318870180853467;0.863370061689054;"s__uniformis";"g__Bacteroides";"healthy";""
"7332";"OTU_1095";-0.0244970639910504;0.939762467666019;1;"s__bromii";"g__Ruminococcus";"healthy";""
"7372";"OTU_7949";0.000441982113381276;0.998912309926155;1;"s__bromii";"g__Ruminococcus";"healthy";""
"7392";"OTU_7073";0.109674165979859;0.734380788512741;0.953847852189064;"s__parvula";"g__Veillonella";"healthy";""
"7412";"OTU_4739";-0.0811178879228541;0.802115023729219;0.973220463172027;"s__acidifaciens";"g__Bacteroides";"healthy";""
"7442";"OTU_867";0.289243157888294;0.361847882350134;0.863370061689054;"s__distasonis";"g__Parabacteroides";"healthy";""
"7492";"OTU_2012";0.507191978832529;0.0923614173673228;0.764803682979822;"s__ovatus";"g__Bacteroides";"healthy";""
"7502";"OTU_6622";-0.332548807111988;0.290898337939827;0.863370061689054;"s__uniformis";"g__Bacteroides";"healthy";""
"7512";"OTU_1475";0.566982166557439;0.0545554169866942;0.764803682979822;"s__prausnitzii";"g__Faecalibacterium";"healthy";""
"7522";"OTU_3096";0.247366395056724;0.438256591356206;0.887748992821452;"s__massiliensis";"g__Alistipes";"healthy";""
"7562";"OTU_6837";-0.0165852814557601;0.959199624731475;1;"s__acidifaciens";"g__Bacteroides";"healthy";""
"7572";"OTU_3139";0.404925908558718;0.191638540529306;0.863370061689054;"s__prausnitzii";"g__Faecalibacterium";"healthy";""
"7582";"OTU_4955";0.133369805130951;0.679445844400749;0.953847852189064;"s__ovatus";"g__Bacteroides";"healthy";""
"7622";"OTU_6302";-0.381492914562782;0.221093501818502;0.863370061689054;"s__uniformis";"g__Bacteroides";"healthy";""
"7702";"OTU_4082";0.152087506339654;0.637027522614838;0.953847852189064;"s__massiliensis";"g__Alistipes";"healthy";""
"7712";"OTU_1496";0.141347156984102;0.661254619848424;0.953847852189064;"s__ovatus";"g__Bacteroides";"healthy";""
"7742";"OTU_2213";-0.106118662246382;0.742730236612081;0.954525039001219;"s__massiliensis";"g__Alistipes";"healthy";""
"7772";"OTU_1575";0.130793620557552;0.685354696810492;0.953847852189064;"s__prausnitzii";"g__Faecalibacterium";"healthy";""
"7792";"OTU_3978";0.492012740612312;0.104207105341224;0.764803682979822;"s__prausnitzii";"g__Faecalibacterium";"healthy";""
"7802";"OTU_3605";0.472226026539828;0.121110967687685;0.809699402641682;"s__prausnitzii";"g__Faecalibacterium";"healthy";""
"7842";"OTU_3609";-0.138944012017277;0.666717488337268;0.953847852189064;"s__faecis";"g__Roseburia";"healthy";""
"7862";"OTU_6801";0.32576056376695;0.301457941874197;0.863370061689054;"s__prausnitzii";"g__Faecalibacterium";"healthy";""
"7902";"OTU_4264";0.0749368796649513;0.81695884811817;0.973774844989679;"s__prausnitzii";"g__Faecalibacterium";"healthy";""
"7932";"OTU_2968";0.364556892611213;0.243982424791596;0.863370061689054;"s__prausnitzii";"g__Faecalibacterium";"healthy";""
"7972";"OTU_1788";0.481201809579769;0.113234587397196;0.786351301369419;"s__prausnitzii";"g__Faecalibacterium";"healthy";""
"8012";"OTU_3289";-0.324088185712695;0.304091900695309;0.863370061689054;"s__uniformis";"g__Bacteroides";"healthy";""
"8022";"OTU_5894";-0.113304806997647;0.725882062502232;0.953847852189064;"s__faecis";"g__Roseburia";"healthy";""
"8062";"OTU_7803";0.0234666056717373;0.942292531466616;1;"s__prausnitzii";"g__Faecalibacterium";"healthy";""
"8072";"OTU_4911";0.109674165979859;0.734380788512741;0.953847852189064;"s__dispar";"g__Veillonella";"healthy";""
"8092";"OTU_4946";0.358942748248848;0.251866245557211;0.863370061689054;"s__adolescentis";"g__Bifidobacterium";"healthy";""
"8112";"OTU_7627";0.500470824660366;0.0974884639550282;0.764803682979822;"s__prausnitzii";"g__Faecalibacterium";"healthy";""
"8132";"OTU_4120";-0.164600215398273;0.609209832983404;0.951328376623585;"s__bromii";"g__Ruminococcus";"healthy";""
"8152";"OTU_6322";-0.00382035306950645;0.990598532822943;1;"s__faecis";"g__Roseburia";"healthy";""
"8192";"OTU_2132";-0.325462272910618;0.301926805238945;0.863370061689054;"s__indistinctus";"g__Alistipes";"healthy";""
"8212";"OTU_1657";-0.293985117342547;0.353669497421976;0.863370061689054;"s__uniformis";"g__Bacteroides";"healthy";""
"8252";"OTU_1641";NA;NA;NA;"s__copri";"g__Prevotella";"healthy";""
"8262";"OTU_3589";-0.180784186563064;0.573927407927086;0.93407511705041;"s__uniformis";"g__Bacteroides";"healthy";""
"8302";"OTU_5346";0.167219038835162;0.603445912998676;0.951328376623585;"s__dispar";"g__Veillonella";"healthy";""
"8362";"OTU_2302";-0.0175289040186243;0.956880130608903;1;"s__faecis";"g__Roseburia";"healthy";""
"8372";"OTU_5459";-0.0129526386079233;0.968131495252086;1;"s__bromii";"g__Ruminococcus";"healthy";""
"8382";"OTU_7624";-0.0520561394734604;0.872354832762729;0.996568847105441;"s__prausnitzii";"g__Faecalibacterium";"healthy";""
"8432";"OTU_4205";0.223798024788193;0.484407977281658;0.910244786770145;"s__massiliensis";"g__Alistipes";"healthy";""
"8442";"OTU_6340";-0.313718795385067;0.320708224172535;0.863370061689054;"s__ovatus";"g__Bacteroides";"healthy";""
"8452";"OTU_4552";0.735213354684714;0.00643893055983114;0.764803682979822;"s__prausnitzii";"g__Faecalibacterium";"healthy";""
"8582";"OTU_8175";0.237675073594218;0.456970828593078;0.889831799004521;"s__prausnitzii";"g__Faecalibacterium";"healthy";""
"8602";"OTU_5909";0.527989872565051;0.0776551339826206;0.764803682979822;"s__prausnitzii";"g__Faecalibacterium";"healthy";""
"8622";"OTU_3648";0.356921089473015;0.254741290701309;0.863370061689054;"s__prausnitzii";"g__Faecalibacterium";"healthy";""
"8652";"OTU_2329";-0.272244154046338;0.391970008006831;0.863370061689054;"s__uniformis";"g__Bacteroides";"healthy";""
"8662";"OTU_7937";0.109674165979859;0.734380788512741;0.953847852189064;"s__parvula";"g__Veillonella";"healthy";""
"8682";"OTU_3223";-0.425062140980128;0.168370702414922;0.863370061689054;"s__uniformis";"g__Bacteroides";"healthy";""
"8692";"OTU_2044";0.314495047375418;0.319447408002184;0.863370061689054;"s__ovatus";"g__Bacteroides";"healthy";""
"8792";"OTU_2560";0.0995531200460451;0.75821470892671;0.964340947439302;"s__indistinctus";"g__Alistipes";"healthy";""
"9052";"OTU_2209";-0.132743071100261;0.680881840578135;0.953847852189064;"s__massiliensis";"g__Alistipes";"healthy";""
"9102";"OTU_5917";0.414718729731723;0.180088045877163;0.863370061689054;"s__massiliensis";"g__Alistipes";"healthy";""
"9132";"OTU_4786";0.0211779026123441;0.947913659221316;1;"s__fragilis";"g__Bacteroides";"healthy";""
"9172";"OTU_5102";-0.280327238321275;0.377491201591231;0.863370061689054;"s__massiliensis";"g__Alistipes";"healthy";""
"9252";"OTU_6949";0.611453959574866;0.0346338458881816;0.764803682979822;"s__prausnitzii";"g__Faecalibacterium";"healthy";""
"9272";"OTU_4440";0.465978684740897;0.126800181875998;0.81806568952257;"s__prausnitzii";"g__Faecalibacterium";"healthy";""
"9312";"OTU_2875";0.118560497814663;0.713629695019656;0.953847852189064;"s__bromii";"g__Ruminococcus";"healthy";""
"9402";"OTU_3346";-0.0721615169292875;0.823642233525022;0.977518719924798;"s__bromii";"g__Ruminococcus";"healthy";""
"9482";"OTU_7182";0.0211779026123441;0.947913659221316;1;"s__fragilis";"g__Bacteroides";"healthy";""
"9552";"OTU_5580";0.284413266313705;0.370279194703979;0.863370061689054;"s__bromii";"g__Ruminococcus";"healthy";""
"9602";"OTU_3455";0.705951262648749;0.0102984533237183;0.764803682979822;"s__prausnitzii";"g__Faecalibacterium";"healthy";""
"9652";"OTU_1668";-0.116449146867191;0.718544512558495;0.953847852189064;"s__uniformis";"g__Bacteroides";"healthy";""
"9682";"OTU_5849";0.172383529890624;0.592140109048806;0.939904934998105;"s__ovatus";"g__Bacteroides";"healthy";""
"9712";"OTU_1888";0.173077133685479;0.590627965492494;0.939904934998105;"s__massiliensis";"g__Alistipes";"healthy";""
"9722";"OTU_2929";0.236200244849038;0.459851364500127;0.889831799004521;"s__dispar";"g__Veillonella";"healthy";""
"9822";"OTU_2066";-0.337998413993528;0.282574620260542;0.863370061689054;"s__bromii";"g__Ruminococcus";"healthy";""
"9892";"OTU_2375";-0.0692687597959113;0.830619777757063;0.979011005681116;"s__acidifaciens";"g__Bacteroides";"healthy";""
"9922";"OTU_3939";NA;NA;NA;"s__copri";"g__Prevotella";"healthy";""
"9942";"OTU_3039";-0.0425036598963773;0.895652692462157;1;"s__ovatus";"g__Bacteroides";"healthy";""
